,label
0,Stable
1,Stable
2,Stable
3,Stable
4,Stable
5,Stable
6,Stable
7,Stable
8,Stable
9,Stable
10,Stable
11,Stable
12,Stable
13,Stable
14,Stable
15,Stable
16,Stable
17,Stable
18,Stable
19,Stable
20,Stable
21,Stable
22,Stable
23,Stable
24,Stable
25,Stable
26,Stable
27,Stable
28,Stable
29,Stable
30,Stable
31,Stable
32,Stable
33,Stable
34,Stable
35,Stable
36,Stable
37,Stable
38,Stable
39,Stable
40,Stable
41,Stable
42,Stable
43,Stable
44,Stable
45,Stable
46,Stable
47,Stable
48,Stable
49,Stable
50,Stable
51,Stable
52,Stable
53,Stable
54,Stable
55,Stable
56,Stable
57,Stable
58,Stable
59,Stable
60,Stable
61,Stable
62,Stable
63,Stable
64,Stable
65,Stable
66,Stable
67,Stable
68,Stable
69,Stable
70,Stable
71,Stable
72,Stable
73,Stable
74,Stable
75,Stable
76,Stable
77,Stable
78,Stable
79,Stable
80,Stable
81,Stable
82,Stable
83,Stable
84,Stable
85,Stable
86,Stable
87,Stable
88,Stable
89,Stable
90,Stable
91,Stable
92,Stable
93,Stable
94,Stable
95,Stable
96,Stable
97,Stable
98,Stable
99,Stable
100,Stable
101,Stable
102,Stable
103,Stable
104,Stable
105,Stable
106,Stable
107,Stable
108,Stable
109,Stable
110,Stable
111,Stable
112,Stable
113,Stable
114,Stable
115,Stable
116,Stable
117,Stable
118,Stable
119,Stable
120,Stable
121,Stable
122,Stable
123,Stable
124,Stable
125,Stable
126,Stable
127,Stable
128,Stable
129,Stable
130,Stable
131,Stable
132,Stable
133,Stable
134,Stable
135,Stable
136,Stable
137,Stable
138,Stable
139,Stable
140,Stable
141,Stable
142,Stable
143,Stable
144,Stable
145,Stable
146,Stable
147,Stable
148,Stable
149,Stable
150,Stable
151,Stable
152,Stable
153,Stable
154,Stable
155,Stable
156,Stable
157,Stable
158,Stable
159,Stable
160,Stable
161,Stable
162,Stable
163,Stable
164,Stable
165,Stable
166,Stable
167,Stable
168,Stable
169,Stable
170,Stable
171,Stable
172,Stable
173,Stable
174,Stable
175,Stable
176,Stable
177,Stable
178,Stable
179,Stable
180,Stable
181,Stable
182,Stable
183,Stable
184,Stable
185,Stable
186,Stable
187,Stable
188,Stable
189,Stable
190,Stable
191,Stable
192,Stable
193,Stable
194,Stable
195,Stable
196,Stable
197,Stable
198,Stable
199,Stable
200,Stable
201,Stable
202,Stable
203,Stable
204,Stable
205,Stable
206,Stable
207,Stable
208,Stable
209,Stable
210,Stable
211,Stable
212,Stable
213,Stable
214,Stable
215,Stable
216,Stable
217,Stable
218,Stable
219,Stable
220,Stable
221,Stable
222,Stable
223,Stable
224,Stable
225,Stable
226,Stable
227,Stable
228,Stable
229,Stable
230,Stable
231,Stable
232,Stable
233,Stable
234,Stable
235,Stable
236,Stable
237,Stable
238,Stable
239,Stable
240,Stable
241,Stable
242,Stable
243,Stable
244,Stable
245,Stable
246,Stable
247,Stable
248,Stable
249,Stable
250,Stable
251,Stable
252,Stable
253,Stable
254,Stable
255,Stable
256,Stable
257,Stable
258,Stable
259,Stable
260,Stable
261,Stable
262,Stable
263,Stable
264,Stable
265,Stable
266,Stable
267,Stable
268,Stable
269,Stable
270,Stable
271,Stable
272,Stable
273,Stable
274,Stable
275,Stable
276,Stable
277,Stable
278,Stable
279,Stable
280,Stable
281,Stable
282,Stable
283,Stable
284,Stable
285,Stable
286,Stable
287,Stable
288,Stable
289,Stable
290,Stable
291,Stable
292,Stable
293,Stable
294,Stable
295,Stable
296,Stable
297,Stable
298,Stable
299,Stable
300,Stable
301,Stable
302,Stable
303,Stable
304,Stable
305,Stable
306,Stable
307,Stable
308,Stable
309,Stable
310,Stable
311,Stable
312,Stable
313,Stable
314,Stable
315,Stable
316,Stable
317,Stable
318,Stable
319,Stable
320,Stable
321,Stable
322,Stable
323,Stable
324,Stable
325,Stable
326,Stable
327,Stable
328,Stable
329,Stable
330,Stable
331,Stable
332,Stable
333,Stable
334,Stable
335,Stable
336,Stable
337,Stable
338,Stable
339,Stable
340,Stable
341,Stable
342,Stable
343,Stable
344,Stable
345,Stable
346,Stable
347,Stable
348,Stable
349,Stable
350,Stable
351,Stable
352,Stable
353,Stable
354,Stable
355,Stable
356,Stable
357,Stable
358,Stable
359,Stable
360,Stable
361,Stable
362,Stable
363,Stable
364,Stable
365,Stable
366,Stable
367,Stable
368,Stable
369,Stable
370,Stable
371,Stable
372,Stable
373,Stable
374,Stable
375,Stable
376,Stable
377,Stable
378,Stable
379,Stable
380,Stable
381,Stable
382,Stable
383,Stable
384,Stable
385,Stable
386,Stable
387,Stable
388,Stable
389,Stable
390,Stable
391,Stable
392,Stable
393,Stable
394,Stable
395,Stable
396,Stable
397,Stable
398,Stable
399,Stable
400,Stable
401,Stable
402,Stable
403,Stable
404,Stable
405,Stable
406,Stable
407,Stable
408,Stable
409,Stable
410,Stable
411,Stable
412,Stable
413,Stable
414,Stable
415,Stable
416,Stable
417,Stable
418,Stable
419,Stable
420,Stable
421,Stable
422,Stable
423,Stable
424,Stable
425,Stable
426,Stable
427,Stable
428,Stable
429,Stable
430,Stable
431,Stable
432,Stable
433,Stable
434,Stable
435,Stable
436,Stable
437,Stable
438,Stable
439,Stable
440,Stable
441,Stable
442,Stable
443,Stable
444,Stable
445,Stable
446,Stable
447,Stable
448,Stable
449,Stable
450,Stable
451,Stable
452,Stable
453,Stable
454,Stable
455,Stable
456,Stable
457,Stable
458,Stable
459,Stable
460,Stable
461,Stable
462,Stable
463,Stable
464,Stable
465,Stable
466,Stable
467,Stable
468,Stable
469,Stable
470,Stable
471,Stable
472,Stable
473,Stable
474,Stable
475,Stable
476,Stable
477,Stable
478,Stable
479,Stable
480,Stable
481,Stable
482,Stable
483,Stable
484,Stable
485,Stable
486,Stable
487,Stable
488,Stable
489,Stable
490,Stable
491,Stable
492,Stable
493,Stable
494,Stable
495,Stable
496,Stable
497,Stable
498,Stable
499,Stable
500,Stable
501,Stable
502,Stable
503,Stable
504,Stable
505,Stable
506,Stable
507,Stable
508,Stable
509,Stable
510,Stable
511,Stable
512,Stable
513,Stable
514,Stable
515,Stable
516,Stable
517,Stable
518,Stable
519,Stable
520,Stable
521,Stable
522,Stable
523,Stable
524,Stable
525,Stable
526,Stable
527,Stable
528,Stable
529,Stable
530,Stable
531,Stable
532,Stable
533,Stable
534,Stable
535,Stable
536,Stable
537,Stable
538,Stable
539,Stable
540,Stable
541,Stable
542,Stable
543,Stable
544,Stable
545,Stable
546,Stable
547,Stable
548,Stable
549,Stable
550,Stable
551,Stable
552,Stable
553,Stable
554,Stable
555,Stable
556,Stable
557,Stable
558,Stable
559,Stable
560,Stable
561,Stable
562,Stable
563,Stable
564,Stable
565,Stable
566,Stable
567,Stable
568,Stable
569,Stable
570,Stable
571,Stable
572,Stable
573,Stable
574,Stable
575,Stable
576,Stable
577,Stable
578,Stable
579,Stable
580,Stable
581,Stable
582,Stable
583,Stable
584,Stable
585,Stable
586,Stable
587,Stable
588,Stable
589,Stable
590,Stable
591,Stable
592,Stable
593,Stable
594,Stable
595,Stable
596,Stable
597,Stable
598,Stable
599,Stable
600,Stable
601,Stable
602,Stable
603,Stable
604,Stable
605,Stable
606,Stable
607,Stable
608,Stable
609,Stable
610,Stable
611,Stable
612,Stable
613,Stable
614,Stable
615,Stable
616,Stable
617,Stable
618,Stable
619,Stable
620,Stable
621,Stable
622,Stable
623,Stable
624,Stable
625,Stable
626,Stable
627,Stable
628,Stable
629,Stable
630,Stable
631,Stable
632,Stable
633,Stable
634,Stable
635,Stable
636,Stable
637,Stable
638,Stable
639,Stable
640,Stable
641,Stable
642,Stable
643,Stable
644,Stable
645,Stable
646,Stable
647,Stable
648,Stable
649,Stable
650,Stable
651,Stable
652,Stable
653,Stable
654,Stable
655,Stable
656,Stable
657,Stable
658,Stable
659,Stable
660,Stable
661,Stable
662,Stable
663,Stable
664,Stable
665,Stable
666,Stable
667,Stable
668,Stable
669,Stable
670,Stable
671,Stable
672,Stable
673,Stable
674,Stable
675,Stable
676,Stable
677,Stable
678,Stable
679,Stable
680,Stable
681,Stable
682,Stable
683,Stable
684,Stable
685,Stable
686,Stable
687,Stable
688,Stable
689,Stable
690,Stable
691,Stable
692,Stable
693,Stable
694,Stable
695,Stable
696,Stable
697,Stable
698,Stable
699,Stable
700,Stable
701,Stable
702,Stable
703,Stable
704,Stable
705,Stable
706,Stable
707,Stable
708,Stable
709,Stable
710,Stable
711,Stable
712,Stable
713,Stable
714,Stable
715,Stable
716,Stable
717,Stable
718,Stable
719,Stable
720,Stable
721,Stable
722,Stable
723,Stable
724,Stable
725,Stable
726,Stable
727,Stable
728,Stable
729,Stable
730,Stable
731,Stable
732,Stable
733,Stable
734,Stable
735,Stable
736,Stable
737,Stable
738,Stable
739,Stable
740,Stable
741,Stable
742,Stable
743,Stable
744,Stable
745,Stable
746,Stable
747,Stable
748,Stable
749,Stable
750,Stable
751,Stable
752,Stable
753,Stable
754,Stable
755,Stable
756,Stable
757,Stable
758,Stable
759,Stable
760,Stable
761,Stable
762,Stable
763,Stable
764,Stable
765,Stable
766,Stable
767,Stable
768,Stable
769,Stable
770,Stable
771,Stable
772,Stable
773,Stable
774,Stable
775,Stable
776,Stable
777,Stable
778,Stable
779,Stable
780,Stable
781,Stable
782,Stable
783,Stable
784,Stable
785,Stable
786,Stable
787,Stable
788,Stable
789,Stable
790,Stable
791,Stable
792,Stable
793,Stable
794,Stable
795,Stable
796,Stable
797,Stable
798,Stable
799,Stable
800,Stable
801,Stable
802,Stable
803,Stable
804,Stable
805,Stable
806,Stable
807,Stable
808,Stable
809,Stable
810,Stable
811,Stable
812,Stable
813,Stable
814,Stable
815,Stable
816,Stable
817,Stable
818,Stable
819,Stable
820,Stable
821,Stable
822,Stable
823,Stable
824,Stable
825,Stable
826,Stable
827,Stable
828,Stable
829,Stable
830,Stable
831,Stable
832,Stable
833,Stable
834,Stable
835,Stable
836,Stable
837,Stable
838,Stable
839,Stable
840,Stable
841,Stable
842,Stable
843,Stable
844,Stable
845,Stable
846,Stable
847,Stable
848,Stable
849,Stable
850,Stable
851,Stable
852,Stable
853,Stable
854,Stable
855,Stable
856,Stable
857,Stable
858,Stable
859,Stable
860,Stable
861,Stable
862,Stable
863,Stable
864,Stable
865,Stable
866,Stable
867,Stable
868,Stable
869,Stable
870,Stable
871,Stable
872,Stable
873,Stable
874,Stable
875,Stable
876,Stable
877,Stable
878,Stable
879,Stable
880,Stable
881,Stable
882,Stable
883,Stable
884,Stable
885,Stable
886,Stable
887,Stable
888,Stable
889,Stable
890,Stable
891,Stable
892,Stable
893,Stable
894,Stable
895,Stable
896,Stable
897,Stable
898,Stable
899,Stable
900,Stable
901,Stable
902,Stable
903,Stable
904,Stable
905,Stable
906,Stable
907,Stable
908,Stable
909,Stable
910,Stable
911,Stable
912,Stable
913,Stable
914,Stable
915,Stable
916,Stable
917,Stable
918,Stable
919,Stable
920,Stable
921,Stable
922,Stable
923,Stable
924,Stable
925,Stable
926,Stable
927,Stable
928,Stable
929,Stable
930,Stable
931,Stable
932,Stable
933,Stable
934,Stable
935,Stable
936,Stable
937,Stable
938,Stable
939,Stable
940,Stable
941,Stable
942,Stable
943,Stable
944,Stable
945,Stable
946,Stable
947,Stable
948,Stable
949,Stable
950,Stable
951,Stable
952,Stable
953,Stable
954,Stable
955,Stable
956,Stable
957,Stable
958,Stable
959,Stable
960,Stable
961,Stable
962,Stable
963,Stable
964,Stable
965,Stable
966,Stable
967,Stable
968,Stable
969,Stable
970,Stable
971,Stable
972,Stable
973,Stable
974,Stable
975,Stable
976,Stable
977,Stable
978,Stable
979,Stable
980,Stable
981,Stable
982,Stable
983,Stable
984,Stable
985,Stable
986,Stable
987,Stable
988,Stable
989,Stable
990,Stable
991,Stable
992,Stable
993,Stable
994,Stable
995,Stable
996,Stable
997,Stable
998,Stable
999,Stable
1000,Stable
1001,Stable
1002,Stable
1003,Stable
1004,Stable
1005,Stable
1006,Stable
1007,Stable
1008,Stable
1009,Stable
1010,Stable
1011,Stable
1012,Stable
1013,Stable
1014,Stable
1015,Stable
1016,Stable
1017,Stable
1018,Stable
1019,Stable
1020,Stable
1021,Stable
1022,Stable
1023,Stable
1024,Stable
1025,Stable
1026,Stable
1027,Stable
1028,Stable
1029,Stable
1030,Stable
1031,Stable
1032,Stable
1033,Stable
1034,Stable
1035,Stable
1036,Stable
1037,Stable
1038,Stable
1039,Stable
1040,Stable
1041,Stable
1042,Stable
1043,Stable
1044,Stable
1045,Stable
1046,Stable
1047,Stable
1048,Stable
1049,Stable
1050,Stable
1051,Stable
1052,Stable
1053,Stable
1054,Stable
1055,Stable
1056,Stable
1057,Stable
1058,Stable
1059,Stable
1060,Stable
1061,Stable
1062,Stable
1063,Stable
1064,Stable
1065,Stable
1066,Stable
1067,Stable
1068,Stable
1069,Stable
1070,Stable
1071,Stable
1072,Stable
1073,Stable
1074,Stable
1075,Stable
1076,Stable
1077,Stable
1078,Stable
1079,Stable
1080,Stable
1081,Stable
1082,Stable
1083,Stable
1084,Stable
1085,Stable
1086,Stable
1087,Stable
1088,Stable
1089,Stable
1090,Stable
1091,Stable
1092,Stable
1093,Stable
1094,Stable
1095,Stable
1096,Stable
1097,Stable
1098,Stable
1099,Stable
1100,Stable
1101,Stable
1102,Stable
1103,Stable
1104,Stable
1105,Stable
1106,Stable
1107,Stable
1108,Stable
1109,Stable
1110,Stable
1111,Stable
1112,Stable
1113,Stable
1114,Stable
1115,Stable
1116,Stable
1117,Stable
1118,Stable
1119,Stable
1120,Stable
1121,Stable
1122,Stable
1123,Stable
1124,Stable
1125,Stable
1126,Stable
1127,Stable
1128,Stable
1129,Stable
1130,Stable
1131,Stable
1132,Stable
1133,Stable
1134,Stable
1135,Stable
1136,Stable
1137,Stable
1138,Stable
1139,Stable
1140,Stable
1141,Stable
1142,Stable
1143,Stable
1144,Stable
1145,Stable
1146,Stable
1147,Stable
1148,Stable
1149,Stable
1150,Stable
1151,Stable
1152,Stable
1153,Stable
1154,Stable
1155,Stable
1156,Stable
1157,Stable
1158,Stable
1159,Stable
1160,Stable
1161,Stable
1162,Stable
1163,Stable
1164,Stable
1165,Stable
1166,Stable
1167,Stable
1168,Stable
1169,Stable
1170,Stable
1171,Stable
1172,Stable
1173,Stable
1174,Stable
1175,Stable
1176,Stable
1177,Stable
1178,Stable
1179,Stable
1180,Stable
1181,Stable
1182,Stable
1183,Stable
1184,Stable
1185,Stable
1186,Stable
1187,Stable
1188,Stable
1189,Stable
1190,Stable
1191,Stable
1192,Stable
1193,Stable
1194,Stable
1195,Stable
1196,Stable
1197,Stable
1198,Stable
1199,Stable
1200,Stable
1201,Stable
1202,Stable
1203,Stable
1204,Stable
1205,Stable
1206,Stable
1207,Stable
1208,Stable
1209,Stable
1210,Stable
1211,Stable
1212,Stable
1213,Stable
1214,Stable
1215,Stable
1216,Stable
1217,Stable
1218,Stable
1219,Stable
1220,Stable
1221,Stable
1222,Stable
1223,Stable
1224,Stable
1225,Stable
1226,Stable
1227,Stable
1228,Stable
1229,Stable
1230,Stable
1231,Stable
1232,Stable
1233,Stable
1234,Stable
1235,Stable
1236,Stable
1237,Stable
1238,Stable
1239,Stable
1240,Stable
1241,Stable
1242,Stable
1243,Stable
1244,Stable
1245,Stable
1246,Stable
1247,Stable
1248,Stable
1249,Stable
1250,Stable
1251,Stable
1252,Stable
1253,Stable
1254,Stable
1255,Stable
1256,Stable
1257,Stable
1258,Stable
1259,Stable
1260,Stable
1261,Stable
1262,Stable
1263,Stable
1264,Stable
1265,Stable
1266,Stable
1267,Stable
1268,Stable
1269,Stable
1270,Stable
1271,Stable
1272,Stable
1273,Stable
1274,Stable
1275,Stable
1276,Stable
1277,Stable
1278,Stable
1279,Stable
1280,Stable
1281,Stable
1282,Stable
1283,Stable
1284,Stable
1285,Stable
1286,Stable
1287,Stable
1288,Stable
1289,Stable
1290,Stable
1291,Stable
1292,Stable
1293,Stable
1294,Stable
1295,Stable
1296,Stable
1297,Stable
1298,Stable
1299,Stable
1300,Stable
1301,Stable
1302,Stable
1303,Stable
1304,Stable
1305,Stable
1306,Stable
1307,Stable
1308,Stable
1309,Stable
1310,Stable
1311,Stable
1312,Stable
1313,Stable
1314,Stable
1315,Stable
1316,Stable
1317,Stable
1318,Stable
1319,Stable
1320,Stable
1321,Stable
1322,Stable
1323,Stable
1324,Stable
1325,Stable
1326,Stable
1327,Stable
1328,Stable
1329,Stable
1330,Stable
1331,Stable
1332,Stable
1333,Stable
1334,Stable
1335,Stable
1336,Stable
1337,Stable
1338,Stable
1339,Stable
1340,Stable
1341,Stable
1342,Stable
1343,Stable
1344,Stable
1345,Stable
1346,Stable
1347,Stable
1348,Stable
1349,Stable
1350,Stable
1351,Stable
1352,Stable
1353,Stable
1354,Stable
1355,Stable
1356,Stable
1357,Stable
1358,Stable
1359,Stable
1360,Stable
1361,Stable
1362,Stable
1363,Stable
1364,Stable
1365,Stable
1366,Stable
1367,Stable
1368,Stable
1369,Stable
1370,Stable
1371,Stable
1372,Stable
1373,Stable
1374,Stable
1375,Stable
1376,Stable
1377,Stable
1378,Stable
1379,Stable
1380,Stable
1381,Stable
1382,Stable
1383,Stable
1384,Stable
1385,Stable
1386,Stable
1387,Stable
1388,Stable
1389,Stable
1390,Stable
1391,Stable
1392,Stable
1393,Stable
1394,Stable
1395,Stable
1396,Stable
1397,Stable
1398,Stable
1399,Stable
1400,Stable
1401,Stable
1402,Stable
1403,Stable
1404,Stable
1405,Stable
1406,Stable
1407,Stable
1408,Stable
1409,Stable
1410,Stable
1411,Stable
1412,Stable
1413,Stable
1414,Stable
1415,Stable
1416,Stable
1417,Stable
1418,Stable
1419,Stable
1420,Stable
1421,Stable
1422,Stable
1423,Stable
1424,Stable
1425,Stable
1426,Stable
1427,Stable
1428,Stable
1429,Stable
1430,Stable
1431,Stable
1432,Stable
1433,Stable
1434,Stable
1435,Stable
1436,Stable
1437,Stable
1438,Stable
1439,Stable
1440,Stable
1441,Stable
1442,Stable
1443,Stable
1444,Stable
1445,Stable
1446,Stable
1447,Stable
1448,Stable
1449,Stable
1450,Stable
1451,Stable
1452,Stable
1453,Stable
1454,Stable
1455,Stable
1456,Stable
1457,Stable
1458,Stable
1459,Stable
1460,Stable
1461,Stable
1462,Stable
1463,Stable
1464,Stable
1465,Stable
1466,Stable
1467,Stable
1468,Stable
1469,Stable
1470,Stable
1471,Stable
1472,Stable
1473,Stable
1474,Stable
1475,Stable
1476,Stable
1477,Stable
1478,Stable
1479,Stable
1480,Stable
1481,Stable
1482,Stable
1483,Stable
1484,Stable
1485,Stable
1486,Stable
1487,Stable
1488,Stable
1489,Stable
1490,Stable
1491,Stable
1492,Stable
1493,Stable
1494,Stable
1495,Stable
1496,Stable
1497,Stable
1498,Stable
1499,Stable
1500,Stable
1501,Stable
1502,Stable
1503,Stable
1504,Stable
1505,Stable
1506,Stable
1507,Stable
1508,Stable
1509,Stable
1510,Stable
1511,Stable
1512,Stable
1513,Stable
1514,Stable
1515,Stable
1516,Stable
1517,Stable
1518,Stable
1519,Stable
1520,Stable
1521,Stable
1522,Stable
1523,Stable
1524,Stable
1525,Stable
1526,Stable
1527,Stable
1528,Stable
1529,Stable
1530,Stable
1531,Stable
1532,Stable
1533,Stable
1534,Stable
1535,Stable
1536,Stable
1537,Stable
1538,Stable
1539,Stable
1540,Stable
1541,Stable
1542,Stable
1543,Stable
1544,Stable
1545,Stable
1546,Stable
1547,Stable
1548,Stable
1549,Stable
1550,Stable
1551,Stable
1552,Stable
1553,Stable
1554,Stable
1555,Stable
1556,Stable
1557,Stable
1558,Stable
1559,Stable
1560,Stable
1561,Stable
1562,Stable
1563,Stable
1564,Stable
1565,Stable
1566,Stable
1567,Stable
1568,Stable
1569,Stable
1570,Stable
1571,Stable
1572,Stable
1573,Stable
1574,Stable
1575,Stable
1576,Stable
1577,Stable
1578,Stable
1579,Stable
1580,Stable
1581,Stable
1582,Stable
1583,Stable
1584,Stable
1585,Stable
1586,Stable
1587,Stable
1588,Stable
1589,Stable
1590,Stable
1591,Stable
1592,Stable
1593,Stable
1594,Stable
1595,Stable
1596,Stable
1597,Stable
1598,Stable
1599,Stable
1600,Stable
1601,Stable
1602,Stable
1603,Stable
1604,Stable
1605,Stable
1606,Stable
1607,Stable
1608,Stable
1609,Stable
1610,Stable
1611,Stable
1612,Stable
1613,Stable
1614,Stable
1615,Stable
1616,Stable
1617,Stable
1618,Stable
1619,Stable
1620,Stable
1621,Stable
1622,Stable
1623,Stable
1624,Stable
1625,Stable
1626,Stable
1627,Stable
1628,Stable
1629,Stable
1630,Stable
1631,Stable
1632,Stable
1633,Stable
1634,Stable
1635,Stable
1636,Stable
1637,Stable
1638,Stable
1639,Stable
1640,Stable
1641,Stable
1642,Stable
1643,Stable
1644,Stable
1645,Stable
1646,Stable
1647,Stable
1648,Stable
1649,Stable
1650,Stable
1651,Stable
1652,Stable
1653,Stable
1654,Stable
1655,Stable
1656,Stable
1657,Stable
1658,Stable
1659,Stable
1660,Stable
1661,Stable
1662,Stable
1663,Stable
1664,Stable
1665,Stable
1666,Stable
1667,Stable
1668,Stable
1669,Stable
1670,Stable
1671,Stable
1672,Stable
1673,Stable
1674,Stable
1675,Stable
1676,Stable
1677,Stable
1678,Stable
1679,Stable
1680,Stable
1681,Stable
1682,Stable
1683,Stable
1684,Stable
1685,Stable
1686,Stable
1687,Stable
1688,Stable
1689,Stable
1690,Stable
1691,Stable
1692,Stable
1693,Stable
1694,Stable
1695,Stable
1696,Stable
1697,Stable
1698,Stable
1699,Stable
1700,Stable
1701,Stable
1702,Stable
1703,Stable
1704,Stable
1705,Stable
1706,Stable
1707,Stable
1708,Stable
1709,Stable
1710,Stable
1711,Stable
1712,Stable
1713,Stable
1714,Stable
1715,Stable
1716,Stable
1717,Stable
1718,Stable
1719,Stable
1720,Stable
1721,Stable
1722,Stable
1723,Stable
1724,Stable
1725,Stable
1726,Stable
1727,Stable
1728,Stable
1729,Stable
1730,Stable
1731,Stable
1732,Stable
1733,Stable
1734,Stable
1735,Stable
1736,Stable
1737,Stable
1738,Stable
1739,Stable
1740,Stable
1741,Stable
1742,Stable
1743,Stable
1744,Stable
1745,Stable
1746,Stable
1747,Stable
1748,Stable
1749,Stable
1750,Stable
1751,Stable
1752,Stable
1753,Stable
1754,Stable
1755,Stable
1756,Stable
1757,Stable
1758,Stable
1759,Stable
1760,Stable
1761,Stable
1762,Stable
1763,Stable
1764,Stable
1765,Stable
1766,Stable
1767,Stable
1768,Stable
1769,Stable
1770,Stable
1771,Stable
1772,Stable
1773,Stable
1774,Stable
1775,Stable
1776,Stable
1777,Stable
1778,Stable
1779,Stable
1780,Stable
1781,Stable
1782,Stable
1783,Stable
1784,Stable
1785,Stable
1786,Stable
1787,Stable
1788,Stable
1789,Stable
1790,Stable
1791,Stable
1792,Stable
1793,Stable
1794,Stable
1795,Stable
1796,Stable
1797,Stable
1798,Stable
1799,Stable
1800,Stable
1801,Stable
1802,Stable
1803,Stable
1804,Stable
1805,Stable
1806,Stable
1807,Stable
1808,Stable
1809,Stable
1810,Stable
1811,Stable
1812,Stable
1813,Stable
1814,Stable
1815,Stable
1816,Stable
1817,Stable
1818,Stable
1819,Stable
1820,Stable
1821,Stable
1822,Stable
1823,Stable
1824,Stable
1825,Stable
1826,Stable
1827,Stable
1828,Stable
1829,Stable
1830,Stable
1831,Stable
1832,Stable
1833,Stable
1834,Stable
1835,Stable
1836,Stable
1837,Stable
1838,Stable
1839,Stable
1840,Stable
1841,Stable
1842,Stable
1843,Stable
1844,Stable
1845,Stable
1846,Stable
1847,Stable
1848,Stable
1849,Stable
1850,Stable
1851,Stable
1852,Stable
1853,Stable
1854,Stable
1855,Stable
1856,Stable
1857,Stable
1858,Stable
1859,Stable
1860,Stable
1861,Stable
1862,Stable
1863,Stable
1864,Stable
1865,Stable
1866,Stable
1867,Stable
1868,Stable
1869,Stable
1870,Stable
1871,Stable
1872,Stable
1873,Stable
1874,Stable
1875,Stable
1876,Stable
1877,Stable
1878,Stable
1879,Stable
1880,Stable
1881,Stable
1882,Stable
1883,Stable
1884,Stable
1885,Stable
1886,Stable
1887,Stable
1888,Stable
1889,Stable
1890,Stable
1891,Stable
1892,Stable
1893,Stable
1894,Stable
1895,Stable
1896,Stable
1897,Stable
1898,Stable
1899,Stable
1900,Stable
1901,Stable
1902,Stable
1903,Stable
1904,Stable
1905,Stable
1906,Stable
1907,Stable
1908,Stable
1909,Stable
1910,Stable
1911,Stable
1912,Stable
1913,Stable
1914,Stable
1915,Stable
1916,Stable
1917,Stable
1918,Stable
1919,Stable
1920,Stable
1921,Stable
1922,Stable
1923,Stable
1924,Stable
1925,Stable
1926,Stable
1927,Stable
1928,Stable
1929,Stable
1930,Stable
1931,Stable
1932,Stable
1933,Stable
1934,Stable
1935,Stable
1936,Stable
1937,Stable
1938,Stable
1939,Stable
1940,Stable
1941,Stable
1942,Stable
1943,Stable
1944,Stable
1945,Stable
1946,Stable
1947,Stable
1948,Stable
1949,Stable
1950,Stable
1951,Stable
1952,Stable
1953,Stable
1954,Stable
1955,Stable
1956,Stable
1957,Stable
1958,Stable
1959,Stable
1960,Stable
1961,Stable
1962,Stable
1963,Stable
1964,Stable
1965,Stable
1966,Stable
1967,Stable
1968,Stable
1969,Stable
1970,Stable
1971,Stable
1972,Stable
1973,Stable
1974,Stable
1975,Stable
1976,Stable
1977,Stable
1978,Stable
1979,Stable
1980,Stable
1981,Stable
1982,Stable
1983,Stable
1984,Stable
1985,Stable
1986,Stable
1987,Stable
1988,Stable
1989,Stable
1990,Stable
1991,Stable
1992,Stable
1993,Stable
1994,Stable
1995,Stable
1996,Stable
1997,Stable
1998,Stable
1999,Stable
2000,Stable
2001,Stable
2002,Stable
2003,Stable
2004,Stable
2005,Stable
2006,Stable
2007,Stable
2008,Stable
2009,Stable
2010,Stable
2011,Stable
2012,Stable
2013,Stable
2014,Stable
2015,Stable
2016,Stable
2017,Stable
2018,Stable
2019,Stable
2020,Stable
2021,Stable
2022,Stable
2023,Stable
2024,Stable
2025,Stable
2026,Stable
2027,Stable
2028,Stable
2029,Stable
2030,Stable
2031,Stable
2032,Stable
2033,Stable
2034,Stable
2035,Stable
2036,Stable
2037,Stable
2038,Stable
2039,Stable
2040,Stable
2041,Stable
2042,Stable
2043,Stable
2044,Stable
2045,Stable
2046,Stable
2047,Stable
2048,Stable
2049,Stable
2050,Stable
2051,Stable
2052,Stable
2053,Stable
2054,Stable
2055,Stable
2056,Stable
2057,Stable
2058,Stable
2059,Stable
2060,Stable
2061,Stable
2062,Stable
2063,Stable
2064,Stable
2065,Stable
2066,Stable
2067,Stable
2068,Stable
2069,Stable
2070,Stable
2071,Stable
2072,Stable
2073,Stable
2074,Stable
2075,Stable
2076,Stable
2077,Stable
2078,Stable
2079,Stable
2080,Stable
2081,Stable
2082,Stable
2083,Stable
2084,Stable
2085,Stable
2086,Stable
2087,Stable
2088,Stable
2089,Stable
2090,Stable
2091,Stable
2092,Stable
2093,Stable
2094,Stable
2095,Stable
2096,Stable
2097,Stable
2098,Stable
2099,Stable
2100,Stable
2101,Stable
2102,Stable
2103,Stable
2104,Stable
2105,Stable
2106,Stable
2107,Stable
2108,Stable
2109,Stable
2110,Stable
2111,Stable
2112,Stable
2113,Stable
2114,Stable
2115,Stable
2116,Stable
2117,Stable
2118,Stable
2119,Stable
2120,Stable
2121,Stable
2122,Stable
2123,Stable
2124,Stable
2125,Stable
2126,Stable
2127,Stable
2128,Stable
2129,Stable
2130,Stable
2131,Stable
2132,Stable
2133,Stable
2134,Stable
2135,Stable
2136,Stable
2137,Stable
2138,Stable
2139,Stable
2140,Stable
2141,Stable
2142,Stable
2143,Stable
2144,Stable
2145,Stable
2146,Stable
2147,Stable
2148,Stable
2149,Stable
2150,Stable
2151,Stable
2152,Stable
2153,Stable
2154,Stable
2155,Stable
2156,Stable
2157,Stable
2158,Stable
2159,Stable
2160,Stable
2161,Stable
2162,Stable
2163,Stable
2164,Stable
2165,Stable
2166,Stable
2167,Stable
2168,Stable
2169,Stable
2170,Stable
2171,Stable
2172,Stable
2173,Stable
2174,Stable
2175,Stable
2176,Stable
2177,Stable
2178,Stable
2179,Stable
2180,Stable
2181,Stable
2182,Stable
2183,Stable
2184,Stable
2185,Stable
2186,Stable
2187,Stable
2188,Stable
2189,Stable
2190,Stable
2191,Stable
2192,Stable
2193,Stable
2194,Stable
2195,Stable
2196,Stable
2197,Stable
2198,Stable
2199,Stable
2200,Stable
2201,Stable
2202,Stable
2203,Stable
2204,Stable
2205,Stable
2206,Stable
2207,Stable
2208,Stable
2209,Stable
2210,Stable
2211,Stable
2212,Stable
2213,Stable
2214,Stable
2215,Stable
2216,Stable
2217,Stable
2218,Stable
2219,Stable
2220,Stable
2221,Stable
2222,Stable
2223,Stable
2224,Stable
2225,Stable
2226,Stable
2227,Stable
2228,Stable
2229,Stable
2230,Stable
2231,Stable
2232,Stable
2233,Stable
2234,Stable
2235,Stable
2236,Stable
2237,Stable
2238,Stable
2239,Stable
2240,Stable
2241,Stable
2242,Stable
2243,Stable
2244,Stable
2245,Stable
2246,Stable
2247,Stable
2248,Stable
2249,Stable
2250,Stable
2251,Stable
2252,Stable
2253,Stable
2254,Stable
2255,Stable
2256,Stable
2257,Stable
2258,Stable
2259,Stable
2260,Stable
2261,Stable
2262,Stable
2263,Stable
2264,Stable
2265,Stable
2266,Stable
2267,Stable
2268,Stable
2269,Stable
2270,Stable
2271,Stable
2272,Stable
2273,Stable
2274,Stable
2275,Stable
2276,Stable
2277,Stable
2278,Stable
2279,Stable
2280,Stable
2281,Stable
2282,Stable
2283,Stable
2284,Stable
2285,Stable
2286,Stable
2287,Stable
2288,Stable
2289,Stable
2290,Stable
2291,Stable
2292,Stable
2293,Stable
2294,Stable
2295,Stable
2296,Stable
2297,Stable
2298,Stable
2299,Stable
2300,Stable
2301,Stable
2302,Stable
2303,Stable
2304,Stable
2305,Stable
2306,Stable
2307,Stable
2308,Stable
2309,Stable
2310,Stable
2311,Stable
2312,Stable
2313,Stable
2314,Stable
2315,Stable
2316,Stable
2317,Stable
2318,Stable
2319,Stable
2320,Stable
2321,Stable
2322,Stable
2323,Stable
2324,Stable
2325,Stable
2326,Stable
2327,Stable
2328,Stable
2329,Stable
2330,Stable
2331,Stable
2332,Stable
2333,Stable
2334,Stable
2335,Stable
2336,Stable
2337,Stable
2338,Stable
2339,Stable
2340,Stable
2341,Stable
2342,Stable
2343,Stable
2344,Stable
2345,Stable
2346,Stable
2347,Stable
2348,Stable
2349,Stable
2350,Stable
2351,Stable
2352,Stable
2353,Stable
2354,Stable
2355,Stable
2356,Stable
2357,Stable
2358,Stable
2359,Stable
2360,Stable
2361,Stable
2362,Stable
2363,Stable
2364,Stable
2365,Stable
2366,Stable
2367,Stable
2368,Stable
2369,Stable
2370,Stable
2371,Stable
2372,Stable
2373,Stable
2374,Stable
2375,Stable
2376,Stable
2377,Stable
2378,Stable
2379,Stable
2380,Stable
2381,Stable
2382,Stable
2383,Stable
2384,Stable
2385,Stable
2386,Stable
2387,Stable
2388,Stable
2389,Stable
2390,Stable
2391,Stable
2392,Stable
2393,Stable
2394,Stable
2395,Stable
2396,Stable
2397,Stable
2398,Stable
2399,Stable
2400,Stable
2401,Stable
2402,Stable
2403,Stable
2404,Stable
2405,Stable
2406,Stable
2407,Stable
2408,Stable
2409,Stable
2410,Stable
2411,Stable
2412,Stable
2413,Stable
2414,Stable
2415,Stable
2416,Stable
2417,Stable
2418,Stable
2419,Stable
2420,Stable
2421,Stable
2422,Stable
2423,Stable
2424,Minimum Sway
2425,Minimum Sway
2426,Minimum Sway
2427,Minimum Sway
2428,Minimum Sway
2429,Minimum Sway
2430,Minimum Sway
2431,Minimum Sway
2432,Minimum Sway
2433,Minimum Sway
2434,Minimum Sway
2435,Minimum Sway
2436,Minimum Sway
2437,Minimum Sway
2438,Minimum Sway
2439,Minimum Sway
2440,Minimum Sway
2441,Minimum Sway
2442,Minimum Sway
2443,Minimum Sway
2444,Minimum Sway
2445,Minimum Sway
2446,Minimum Sway
2447,Minimum Sway
2448,Minimum Sway
2449,Minimum Sway
2450,Minimum Sway
2451,Minimum Sway
2452,Minimum Sway
2453,Minimum Sway
2454,Minimum Sway
2455,Minimum Sway
2456,Minimum Sway
2457,Minimum Sway
2458,Minimum Sway
2459,Minimum Sway
2460,Minimum Sway
2461,Minimum Sway
2462,Minimum Sway
2463,Minimum Sway
2464,Minimum Sway
2465,Minimum Sway
2466,Minimum Sway
2467,Minimum Sway
2468,Stable
2469,Stable
2470,Stable
2471,Stable
2472,Stable
2473,Stable
2474,Stable
2475,Stable
2476,Stable
2477,Stable
2478,Stable
2479,Stable
2480,Stable
2481,Stable
2482,Stable
2483,Stable
2484,Stable
2485,Stable
2486,Stable
2487,Stable
2488,Stable
2489,Stable
2490,Stable
2491,Stable
2492,Stable
2493,Stable
2494,Stable
2495,Stable
2496,Stable
2497,Stable
2498,Stable
2499,Stable
2500,Stable
2501,Stable
2502,Stable
2503,Stable
2504,Stable
2505,Stable
2506,Stable
2507,Stable
2508,Stable
2509,Stable
2510,Stable
2511,Stable
2512,Stable
2513,Stable
2514,Stable
2515,Stable
2516,Stable
2517,Stable
2518,Stable
2519,Stable
2520,Stable
2521,Stable
2522,Stable
2523,Stable
2524,Stable
2525,Stable
2526,Stable
2527,Stable
2528,Stable
2529,Stable
2530,Stable
2531,Stable
2532,Stable
2533,Stable
2534,Stable
2535,Stable
2536,Stable
2537,Stable
2538,Stable
2539,Stable
2540,Stable
2541,Stable
2542,Stable
2543,Stable
2544,Stable
2545,Stable
2546,Stable
2547,Stable
2548,Stable
2549,Stable
2550,Stable
2551,Stable
2552,Stable
2553,Stable
2554,Stable
2555,Stable
2556,Stable
2557,Stable
2558,Stable
2559,Stable
2560,Stable
2561,Stable
2562,Stable
2563,Stable
2564,Stable
2565,Stable
2566,Stable
2567,Stable
2568,Stable
2569,Stable
2570,Stable
2571,Stable
2572,Stable
2573,Stable
2574,Stable
2575,Stable
2576,Stable
2577,Stable
2578,Stable
2579,Stable
2580,Stable
2581,Stable
2582,Stable
2583,Stable
2584,Stable
2585,Stable
2586,Stable
2587,Stable
2588,Stable
2589,Stable
2590,Stable
2591,Stable
2592,Stable
2593,Stable
2594,Stable
2595,Stable
2596,Stable
2597,Stable
2598,Stable
2599,Stable
2600,Stable
2601,Stable
2602,Stable
2603,Stable
2604,Stable
2605,Stable
2606,Stable
2607,Stable
2608,Stable
2609,Stable
2610,Stable
2611,Stable
2612,Stable
2613,Stable
2614,Stable
2615,Stable
2616,Stable
2617,Stable
2618,Stable
2619,Stable
2620,Stable
2621,Stable
2622,Stable
2623,Stable
2624,Stable
2625,Stable
2626,Stable
2627,Stable
2628,Stable
2629,Stable
2630,Stable
2631,Stable
2632,Stable
2633,Stable
2634,Stable
2635,Stable
2636,Stable
2637,Stable
2638,Stable
2639,Stable
2640,Stable
2641,Stable
2642,Stable
2643,Stable
2644,Stable
2645,Stable
2646,Stable
2647,Stable
2648,Stable
2649,Stable
2650,Stable
2651,Stable
2652,Stable
2653,Stable
2654,Stable
2655,Stable
2656,Stable
2657,Stable
2658,Stable
2659,Stable
2660,Stable
2661,Stable
2662,Stable
2663,Stable
2664,Stable
2665,Stable
2666,Stable
2667,Stable
2668,Stable
2669,Stable
2670,Stable
2671,Stable
2672,Stable
2673,Stable
2674,Stable
2675,Stable
2676,Stable
2677,Stable
2678,Stable
2679,Stable
2680,Stable
2681,Stable
2682,Stable
2683,Stable
2684,Stable
2685,Stable
2686,Stable
2687,Stable
2688,Stable
2689,Stable
2690,Stable
2691,Stable
2692,Stable
2693,Stable
2694,Stable
2695,Stable
2696,Stable
2697,Stable
2698,Stable
2699,Stable
2700,Stable
2701,Stable
2702,Stable
2703,Stable
2704,Stable
2705,Stable
2706,Stable
2707,Stable
2708,Stable
2709,Stable
2710,Stable
2711,Stable
2712,Stable
2713,Stable
2714,Stable
2715,Stable
2716,Stable
2717,Stable
2718,Stable
2719,Stable
2720,Stable
2721,Stable
2722,Stable
2723,Stable
2724,Stable
2725,Stable
2726,Stable
2727,Stable
2728,Stable
2729,Stable
2730,Stable
2731,Stable
2732,Stable
2733,Stable
2734,Stable
2735,Stable
2736,Stable
2737,Stable
2738,Stable
2739,Stable
2740,Stable
2741,Stable
2742,Stable
2743,Stable
2744,Stable
2745,Stable
2746,Stable
2747,Stable
2748,Stable
2749,Stable
2750,Stable
2751,Stable
2752,Stable
2753,Stable
2754,Stable
2755,Stable
2756,Stable
2757,Stable
2758,Stable
2759,Stable
2760,Stable
2761,Stable
2762,Stable
2763,Stable
2764,Stable
2765,Stable
2766,Stable
2767,Stable
2768,Stable
2769,Stable
2770,Stable
2771,Stable
2772,Stable
2773,Stable
2774,Stable
2775,Stable
2776,Stable
2777,Stable
2778,Stable
2779,Stable
2780,Stable
2781,Stable
2782,Stable
2783,Stable
2784,Stable
2785,Stable
2786,Stable
2787,Stable
2788,Stable
2789,Stable
2790,Stable
2791,Stable
2792,Stable
2793,Stable
2794,Stable
2795,Stable
2796,Stable
2797,Stable
2798,Stable
2799,Stable
2800,Stable
2801,Stable
2802,Stable
2803,Stable
2804,Stable
2805,Stable
2806,Stable
2807,Stable
2808,Stable
2809,Stable
2810,Stable
2811,Stable
2812,Stable
2813,Stable
2814,Stable
2815,Stable
2816,Stable
2817,Stable
2818,Stable
2819,Stable
2820,Stable
2821,Stable
2822,Stable
2823,Stable
2824,Stable
2825,Stable
2826,Stable
2827,Stable
2828,Stable
2829,Stable
2830,Stable
2831,Stable
2832,Stable
2833,Stable
2834,Stable
2835,Stable
2836,Stable
2837,Stable
2838,Stable
2839,Stable
2840,Stable
2841,Stable
2842,Stable
2843,Stable
2844,Stable
2845,Stable
2846,Stable
2847,Stable
2848,Stable
2849,Stable
2850,Stable
2851,Stable
2852,Stable
2853,Stable
2854,Stable
2855,Stable
2856,Stable
2857,Stable
2858,Stable
2859,Stable
2860,Stable
2861,Stable
2862,Stable
2863,Stable
2864,Stable
2865,Stable
2866,Stable
2867,Stable
2868,Stable
2869,Stable
2870,Stable
2871,Stable
2872,Stable
2873,Stable
2874,Stable
2875,Stable
2876,Stable
2877,Stable
2878,Stable
2879,Stable
2880,Stable
2881,Stable
2882,Stable
2883,Stable
2884,Stable
2885,Stable
2886,Stable
2887,Stable
2888,Stable
2889,Stable
2890,Stable
2891,Stable
2892,Stable
2893,Stable
2894,Stable
2895,Stable
2896,Stable
2897,Stable
2898,Stable
2899,Stable
2900,Stable
2901,Stable
2902,Stable
2903,Stable
2904,Stable
2905,Stable
2906,Stable
2907,Stable
2908,Stable
2909,Stable
2910,Stable
2911,Stable
2912,Stable
2913,Stable
2914,Stable
2915,Stable
2916,Stable
2917,Stable
2918,Stable
2919,Stable
2920,Stable
2921,Stable
2922,Stable
2923,Stable
2924,Stable
2925,Stable
2926,Stable
2927,Stable
2928,Stable
2929,Stable
2930,Stable
2931,Stable
2932,Stable
2933,Stable
2934,Stable
2935,Stable
2936,Stable
2937,Stable
2938,Stable
2939,Stable
2940,Stable
2941,Stable
2942,Stable
2943,Stable
2944,Stable
2945,Stable
2946,Stable
2947,Stable
2948,Stable
2949,Stable
2950,Stable
2951,Stable
2952,Stable
2953,Stable
2954,Stable
2955,Stable
2956,Stable
2957,Stable
2958,Stable
2959,Stable
2960,Stable
2961,Stable
2962,Stable
2963,Stable
2964,Stable
2965,Stable
2966,Stable
2967,Stable
2968,Stable
2969,Stable
2970,Stable
2971,Stable
2972,Stable
2973,Stable
2974,Stable
2975,Stable
2976,Stable
2977,Stable
2978,Stable
2979,Stable
2980,Stable
2981,Stable
2982,Stable
2983,Stable
2984,Stable
2985,Stable
2986,Stable
2987,Stable
2988,Stable
2989,Stable
2990,Stable
2991,Stable
2992,Stable
2993,Stable
2994,Stable
2995,Stable
2996,Stable
2997,Stable
2998,Stable
2999,Stable
3000,Stable
3001,Stable
3002,Stable
3003,Stable
3004,Stable
3005,Stable
3006,Stable
3007,Stable
3008,Stable
3009,Stable
3010,Stable
3011,Stable
3012,Stable
3013,Stable
3014,Stable
3015,Stable
3016,Stable
3017,Stable
3018,Stable
3019,Stable
3020,Stable
3021,Stable
3022,Stable
3023,Stable
3024,Stable
3025,Stable
3026,Stable
3027,Stable
3028,Stable
3029,Stable
3030,Stable
3031,Stable
3032,Stable
3033,Stable
3034,Stable
3035,Stable
3036,Stable
3037,Stable
3038,Stable
3039,Stable
3040,Stable
3041,Stable
3042,Stable
3043,Stable
3044,Stable
3045,Stable
3046,Stable
3047,Stable
3048,Stable
3049,Stable
3050,Stable
3051,Stable
3052,Stable
3053,Stable
3054,Stable
3055,Stable
3056,Stable
3057,Stable
3058,Stable
3059,Stable
3060,Stable
3061,Stable
3062,Stable
3063,Stable
3064,Stable
3065,Stable
3066,Stable
3067,Stable
3068,Stable
3069,Stable
3070,Stable
3071,Stable
3072,Stable
3073,Stable
3074,Stable
3075,Stable
3076,Stable
3077,Stable
3078,Stable
3079,Stable
3080,Stable
3081,Stable
3082,Stable
3083,Stable
3084,Stable
3085,Stable
3086,Stable
3087,Stable
3088,Stable
3089,Stable
3090,Stable
3091,Stable
3092,Stable
3093,Stable
3094,Stable
3095,Stable
3096,Stable
3097,Stable
3098,Stable
3099,Stable
3100,Stable
3101,Stable
3102,Stable
3103,Stable
3104,Stable
3105,Stable
3106,Stable
3107,Stable
3108,Stable
3109,Stable
3110,Stable
3111,Stable
3112,Stable
3113,Stable
3114,Stable
3115,Stable
3116,Stable
3117,Stable
3118,Stable
3119,Stable
3120,Stable
3121,Stable
3122,Stable
3123,Stable
3124,Stable
3125,Stable
3126,Stable
3127,Stable
3128,Stable
3129,Stable
3130,Stable
3131,Stable
3132,Stable
3133,Stable
3134,Stable
3135,Stable
3136,Stable
3137,Stable
3138,Stable
3139,Stable
3140,Stable
3141,Stable
3142,Stable
3143,Stable
3144,Stable
3145,Stable
3146,Stable
3147,Stable
3148,Stable
3149,Stable
3150,Stable
3151,Stable
3152,Stable
3153,Stable
3154,Stable
3155,Stable
3156,Stable
3157,Stable
3158,Stable
3159,Stable
3160,Stable
3161,Stable
3162,Stable
3163,Stable
3164,Stable
3165,Stable
3166,Stable
3167,Stable
3168,Stable
3169,Stable
3170,Stable
3171,Stable
3172,Stable
3173,Stable
3174,Stable
3175,Stable
3176,Stable
3177,Stable
3178,Stable
3179,Stable
3180,Stable
3181,Stable
3182,Stable
3183,Stable
3184,Stable
3185,Stable
3186,Stable
3187,Stable
3188,Stable
3189,Stable
3190,Stable
3191,Stable
3192,Stable
3193,Stable
3194,Stable
3195,Stable
3196,Stable
3197,Stable
3198,Stable
3199,Stable
3200,Stable
3201,Stable
3202,Stable
3203,Stable
3204,Stable
3205,Stable
3206,Stable
3207,Stable
3208,Stable
3209,Stable
3210,Stable
3211,Stable
3212,Stable
3213,Stable
3214,Stable
3215,Stable
3216,Stable
3217,Stable
3218,Stable
3219,Stable
3220,Stable
3221,Stable
3222,Stable
3223,Stable
3224,Stable
3225,Stable
3226,Stable
3227,Stable
3228,Stable
3229,Stable
3230,Stable
3231,Stable
3232,Stable
3233,Stable
3234,Stable
3235,Stable
3236,Stable
3237,Stable
3238,Stable
3239,Stable
3240,Stable
3241,Stable
3242,Stable
3243,Stable
3244,Stable
3245,Stable
3246,Stable
3247,Stable
3248,Stable
3249,Stable
3250,Stable
3251,Stable
3252,Stable
3253,Stable
3254,Stable
3255,Stable
3256,Stable
3257,Stable
3258,Stable
3259,Stable
3260,Stable
3261,Stable
3262,Stable
3263,Stable
3264,Stable
3265,Stable
3266,Stable
3267,Stable
3268,Stable
3269,Stable
3270,Stable
3271,Stable
3272,Stable
3273,Stable
3274,Stable
3275,Stable
3276,Stable
3277,Stable
3278,Stable
3279,Stable
3280,Stable
3281,Stable
3282,Stable
3283,Stable
3284,Stable
3285,Stable
3286,Stable
3287,Stable
3288,Stable
3289,Stable
3290,Stable
3291,Stable
3292,Stable
3293,Stable
3294,Stable
3295,Stable
3296,Stable
3297,Stable
3298,Stable
3299,Stable
3300,Stable
3301,Stable
3302,Stable
3303,Stable
3304,Stable
3305,Stable
3306,Stable
3307,Stable
3308,Stable
3309,Stable
3310,Stable
3311,Stable
3312,Stable
3313,Stable
3314,Stable
3315,Stable
3316,Stable
3317,Stable
3318,Stable
3319,Stable
3320,Stable
3321,Stable
3322,Stable
3323,Stable
3324,Stable
3325,Stable
3326,Stable
3327,Stable
3328,Stable
3329,Stable
3330,Stable
3331,Stable
3332,Stable
3333,Stable
3334,Stable
3335,Stable
3336,Stable
3337,Stable
3338,Stable
3339,Stable
3340,Stable
3341,Stable
3342,Stable
3343,Stable
3344,Stable
3345,Stable
3346,Stable
3347,Stable
3348,Stable
3349,Stable
3350,Stable
3351,Stable
3352,Stable
3353,Stable
3354,Stable
3355,Stable
3356,Stable
3357,Stable
3358,Stable
3359,Stable
3360,Stable
3361,Stable
3362,Stable
3363,Stable
3364,Stable
3365,Stable
3366,Stable
3367,Stable
3368,Stable
3369,Stable
3370,Stable
3371,Stable
3372,Stable
3373,Stable
3374,Stable
3375,Stable
3376,Stable
3377,Stable
3378,Stable
3379,Stable
3380,Stable
3381,Stable
3382,Stable
3383,Stable
3384,Stable
3385,Stable
3386,Stable
3387,Stable
3388,Stable
3389,Stable
3390,Stable
3391,Stable
3392,Stable
3393,Stable
3394,Stable
3395,Stable
3396,Stable
3397,Stable
3398,Stable
3399,Stable
3400,Stable
3401,Stable
3402,Stable
3403,Stable
3404,Stable
3405,Stable
3406,Stable
3407,Stable
3408,Stable
3409,Stable
3410,Stable
3411,Stable
3412,Stable
3413,Stable
3414,Stable
3415,Stable
3416,Stable
3417,Stable
3418,Stable
3419,Stable
3420,Stable
3421,Stable
3422,Stable
3423,Stable
3424,Stable
3425,Stable
3426,Stable
3427,Stable
3428,Stable
3429,Stable
3430,Stable
3431,Stable
3432,Stable
3433,Stable
3434,Stable
3435,Stable
3436,Stable
3437,Stable
3438,Stable
3439,Stable
3440,Stable
3441,Stable
3442,Stable
3443,Stable
3444,Stable
3445,Stable
3446,Stable
3447,Stable
3448,Stable
3449,Stable
3450,Stable
3451,Stable
3452,Stable
3453,Stable
3454,Stable
3455,Stable
3456,Stable
3457,Stable
3458,Stable
3459,Stable
3460,Stable
3461,Stable
3462,Stable
3463,Stable
3464,Stable
3465,Stable
3466,Stable
3467,Stable
3468,Stable
3469,Stable
3470,Stable
3471,Stable
3472,Stable
3473,Stable
3474,Stable
3475,Stable
3476,Stable
3477,Stable
3478,Stable
3479,Stable
3480,Stable
3481,Stable
3482,Stable
3483,Stable
3484,Stable
3485,Stable
3486,Stable
3487,Stable
3488,Stable
3489,Stable
3490,Stable
3491,Stable
3492,Stable
3493,Stable
3494,Stable
3495,Stable
3496,Stable
3497,Stable
3498,Stable
3499,Stable
3500,Stable
3501,Stable
3502,Stable
3503,Stable
3504,Stable
3505,Stable
3506,Stable
3507,Stable
3508,Stable
3509,Stable
3510,Stable
3511,Stable
3512,Stable
3513,Stable
3514,Stable
3515,Stable
3516,Stable
3517,Stable
3518,Stable
3519,Stable
3520,Stable
3521,Stable
3522,Stable
3523,Stable
3524,Stable
3525,Stable
3526,Stable
3527,Stable
3528,Stable
3529,Stable
3530,Stable
3531,Stable
3532,Stable
3533,Stable
3534,Stable
3535,Stable
3536,Stable
3537,Stable
3538,Stable
3539,Stable
3540,Stable
3541,Stable
3542,Stable
3543,Stable
3544,Stable
3545,Stable
3546,Stable
3547,Stable
3548,Stable
3549,Stable
3550,Stable
3551,Stable
3552,Stable
3553,Stable
3554,Stable
3555,Stable
3556,Stable
3557,Stable
3558,Stable
3559,Stable
3560,Stable
3561,Stable
3562,Stable
3563,Stable
3564,Stable
3565,Stable
3566,Stable
3567,Stable
3568,Stable
3569,Stable
3570,Stable
3571,Stable
3572,Stable
3573,Stable
3574,Stable
3575,Stable
3576,Stable
3577,Stable
3578,Stable
3579,Stable
3580,Stable
3581,Stable
3582,Stable
3583,Stable
3584,Stable
3585,Stable
3586,Stable
3587,Stable
3588,Stable
3589,Stable
3590,Stable
3591,Stable
3592,Stable
3593,Stable
3594,Stable
3595,Stable
3596,Stable
3597,Stable
3598,Stable
3599,Stable
3600,Stable
3601,Stable
3602,Stable
3603,Stable
3604,Stable
3605,Stable
3606,Stable
3607,Stable
3608,Stable
3609,Stable
3610,Stable
3611,Stable
3612,Stable
3613,Stable
3614,Stable
3615,Stable
3616,Stable
3617,Stable
3618,Stable
3619,Stable
3620,Stable
3621,Stable
3622,Stable
3623,Stable
3624,Stable
3625,Stable
3626,Stable
3627,Stable
3628,Stable
3629,Stable
3630,Stable
3631,Stable
3632,Stable
3633,Stable
3634,Stable
3635,Stable
3636,Stable
3637,Stable
3638,Stable
3639,Stable
3640,Stable
3641,Stable
3642,Stable
3643,Stable
3644,Stable
3645,Stable
3646,Stable
3647,Stable
3648,Stable
3649,Stable
3650,Stable
3651,Stable
3652,Stable
3653,Stable
3654,Stable
3655,Stable
3656,Stable
3657,Stable
3658,Stable
3659,Stable
3660,Stable
3661,Stable
3662,Stable
3663,Stable
3664,Stable
3665,Stable
3666,Stable
3667,Stable
3668,Stable
3669,Stable
3670,Stable
3671,Stable
3672,Stable
3673,Stable
3674,Stable
3675,Stable
3676,Stable
3677,Stable
3678,Stable
3679,Stable
3680,Stable
3681,Stable
3682,Stable
3683,Stable
3684,Stable
3685,Stable
3686,Stable
3687,Stable
3688,Stable
3689,Stable
3690,Stable
3691,Stable
3692,Stable
3693,Stable
3694,Stable
3695,Stable
3696,Stable
3697,Stable
3698,Stable
3699,Stable
3700,Stable
3701,Stable
3702,Stable
3703,Stable
3704,Stable
3705,Stable
3706,Stable
3707,Stable
3708,Stable
3709,Stable
3710,Stable
3711,Stable
3712,Stable
3713,Stable
3714,Stable
3715,Stable
3716,Stable
3717,Stable
3718,Stable
3719,Stable
3720,Stable
3721,Stable
3722,Stable
3723,Stable
3724,Stable
3725,Stable
3726,Stable
3727,Stable
3728,Stable
3729,Stable
3730,Stable
3731,Stable
3732,Stable
3733,Stable
3734,Stable
3735,Stable
3736,Stable
3737,Stable
3738,Stable
3739,Stable
3740,Stable
3741,Stable
3742,Stable
3743,Stable
3744,Stable
3745,Stable
3746,Stable
3747,Stable
3748,Stable
3749,Stable
3750,Stable
3751,Stable
3752,Stable
3753,Stable
3754,Stable
3755,Stable
3756,Stable
3757,Stable
3758,Stable
3759,Stable
3760,Stable
3761,Stable
3762,Stable
3763,Stable
3764,Stable
3765,Stable
3766,Stable
3767,Stable
3768,Stable
3769,Stable
3770,Stable
3771,Stable
3772,Stable
3773,Stable
3774,Stable
3775,Stable
3776,Stable
3777,Stable
3778,Stable
3779,Stable
3780,Stable
3781,Stable
3782,Stable
3783,Stable
3784,Stable
3785,Stable
3786,Stable
3787,Stable
3788,Stable
3789,Stable
3790,Stable
3791,Stable
3792,Stable
3793,Stable
3794,Stable
3795,Stable
3796,Stable
3797,Stable
3798,Stable
3799,Stable
3800,Stable
3801,Stable
3802,Stable
3803,Stable
3804,Stable
3805,Stable
3806,Stable
3807,Stable
3808,Stable
3809,Stable
3810,Stable
3811,Stable
3812,Stable
3813,Stable
3814,Stable
3815,Stable
3816,Stable
3817,Stable
3818,Stable
3819,Stable
3820,Stable
3821,Stable
3822,Stable
3823,Stable
3824,Stable
3825,Stable
3826,Stable
3827,Stable
3828,Stable
3829,Stable
3830,Stable
3831,Stable
3832,Stable
3833,Stable
3834,Stable
3835,Stable
3836,Stable
3837,Stable
3838,Stable
3839,Stable
3840,Stable
3841,Stable
3842,Stable
3843,Stable
3844,Stable
3845,Stable
3846,Stable
3847,Stable
3848,Stable
3849,Stable
3850,Stable
3851,Stable
3852,Stable
3853,Stable
3854,Stable
3855,Stable
3856,Stable
3857,Stable
3858,Stable
3859,Stable
3860,Stable
3861,Stable
3862,Stable
3863,Stable
3864,Stable
3865,Stable
3866,Stable
3867,Stable
3868,Stable
3869,Stable
3870,Stable
3871,Stable
3872,Stable
3873,Stable
3874,Stable
3875,Stable
3876,Stable
3877,Stable
3878,Stable
3879,Stable
3880,Stable
3881,Stable
3882,Stable
3883,Stable
3884,Stable
3885,Stable
3886,Stable
3887,Stable
3888,Stable
3889,Stable
3890,Stable
3891,Stable
3892,Stable
3893,Stable
3894,Stable
3895,Stable
3896,Stable
3897,Stable
3898,Stable
3899,Stable
3900,Stable
3901,Stable
3902,Stable
3903,Stable
3904,Stable
3905,Stable
3906,Stable
3907,Stable
3908,Stable
3909,Stable
3910,Stable
3911,Stable
3912,Stable
3913,Stable
3914,Stable
3915,Stable
3916,Stable
3917,Stable
3918,Stable
3919,Stable
3920,Stable
3921,Stable
3922,Stable
3923,Stable
3924,Stable
3925,Stable
3926,Stable
3927,Stable
3928,Stable
3929,Stable
3930,Stable
3931,Stable
3932,Stable
3933,Stable
3934,Stable
3935,Stable
3936,Stable
3937,Stable
3938,Stable
3939,Stable
3940,Stable
3941,Stable
3942,Stable
3943,Stable
3944,Stable
3945,Stable
3946,Stable
3947,Stable
3948,Stable
3949,Stable
3950,Stable
3951,Stable
3952,Stable
3953,Stable
3954,Stable
3955,Stable
3956,Stable
3957,Stable
3958,Stable
3959,Stable
3960,Stable
3961,Stable
3962,Stable
3963,Stable
3964,Stable
3965,Stable
3966,Stable
3967,Stable
3968,Stable
3969,Stable
3970,Stable
3971,Stable
3972,Stable
3973,Stable
3974,Stable
3975,Stable
3976,Stable
3977,Stable
3978,Stable
3979,Stable
3980,Stable
3981,Stable
3982,Stable
3983,Stable
3984,Stable
3985,Stable
3986,Stable
3987,Stable
3988,Stable
3989,Stable
3990,Stable
3991,Stable
3992,Stable
3993,Stable
3994,Stable
3995,Stable
3996,Stable
3997,Stable
3998,Stable
3999,Stable
4000,Stable
4001,Stable
4002,Stable
4003,Stable
4004,Stable
4005,Stable
4006,Stable
4007,Stable
4008,Stable
4009,Stable
4010,Stable
4011,Stable
4012,Stable
4013,Stable
4014,Stable
4015,Stable
4016,Stable
4017,Stable
4018,Stable
4019,Stable
4020,Stable
4021,Stable
4022,Stable
4023,Stable
4024,Stable
4025,Stable
4026,Stable
4027,Stable
4028,Stable
4029,Stable
4030,Stable
4031,Stable
4032,Stable
4033,Stable
4034,Stable
4035,Stable
4036,Stable
4037,Stable
4038,Stable
4039,Stable
4040,Stable
4041,Stable
4042,Stable
4043,Stable
4044,Stable
4045,Stable
4046,Stable
4047,Stable
4048,Stable
4049,Stable
4050,Stable
4051,Stable
4052,Stable
4053,Stable
4054,Stable
4055,Stable
4056,Stable
4057,Stable
4058,Stable
4059,Stable
4060,Stable
4061,Stable
4062,Stable
4063,Stable
4064,Stable
4065,Stable
4066,Stable
4067,Stable
4068,Stable
4069,Stable
4070,Stable
4071,Stable
4072,Stable
4073,Stable
4074,Stable
4075,Stable
4076,Stable
4077,Stable
4078,Stable
4079,Stable
4080,Stable
4081,Stable
4082,Stable
4083,Stable
4084,Stable
4085,Stable
4086,Stable
4087,Stable
4088,Stable
4089,Stable
4090,Stable
4091,Stable
4092,Stable
4093,Stable
4094,Stable
4095,Stable
4096,Stable
4097,Stable
4098,Stable
4099,Stable
4100,Stable
4101,Stable
4102,Stable
4103,Stable
4104,Stable
4105,Stable
4106,Stable
4107,Stable
4108,Stable
4109,Stable
4110,Stable
4111,Stable
4112,Stable
4113,Stable
4114,Stable
4115,Stable
4116,Stable
4117,Stable
4118,Stable
4119,Stable
4120,Stable
4121,Stable
4122,Stable
4123,Stable
4124,Stable
4125,Stable
4126,Stable
4127,Stable
4128,Stable
4129,Stable
4130,Stable
4131,Stable
4132,Stable
4133,Stable
4134,Stable
4135,Stable
4136,Stable
4137,Stable
4138,Stable
4139,Stable
4140,Stable
4141,Stable
4142,Stable
4143,Stable
4144,Stable
4145,Stable
4146,Stable
4147,Stable
4148,Stable
4149,Stable
4150,Stable
4151,Stable
4152,Stable
4153,Stable
4154,Stable
4155,Stable
4156,Stable
4157,Stable
4158,Stable
4159,Stable
4160,Stable
4161,Stable
4162,Stable
4163,Stable
4164,Stable
4165,Stable
4166,Stable
4167,Stable
4168,Stable
4169,Stable
4170,Stable
4171,Stable
4172,Stable
4173,Stable
4174,Stable
4175,Stable
4176,Stable
4177,Stable
4178,Stable
4179,Stable
4180,Stable
4181,Stable
4182,Stable
4183,Stable
4184,Stable
4185,Stable
4186,Stable
4187,Stable
4188,Stable
4189,Stable
4190,Stable
4191,Stable
4192,Stable
4193,Stable
4194,Stable
4195,Stable
4196,Stable
4197,Stable
4198,Stable
4199,Stable
4200,Stable
4201,Stable
4202,Stable
4203,Stable
4204,Stable
4205,Stable
4206,Stable
4207,Stable
4208,Stable
4209,Stable
4210,Stable
4211,Stable
4212,Stable
4213,Stable
4214,Stable
4215,Stable
4216,Stable
4217,Stable
4218,Stable
4219,Stable
4220,Stable
4221,Stable
4222,Stable
4223,Stable
4224,Stable
4225,Stable
4226,Stable
4227,Stable
4228,Stable
4229,Stable
4230,Stable
4231,Stable
4232,Stable
4233,Stable
4234,Stable
4235,Stable
4236,Stable
4237,Stable
4238,Stable
4239,Stable
4240,Stable
4241,Stable
4242,Stable
4243,Stable
4244,Stable
4245,Stable
4246,Stable
4247,Stable
4248,Stable
4249,Stable
4250,Stable
4251,Stable
4252,Stable
4253,Stable
4254,Stable
4255,Stable
4256,Stable
4257,Stable
4258,Stable
4259,Stable
4260,Stable
4261,Stable
4262,Stable
4263,Stable
4264,Stable
4265,Stable
4266,Stable
4267,Stable
4268,Stable
4269,Stable
4270,Stable
4271,Stable
4272,Stable
4273,Stable
4274,Stable
4275,Stable
4276,Stable
4277,Stable
4278,Stable
4279,Stable
4280,Stable
4281,Stable
4282,Stable
4283,Stable
4284,Stable
4285,Stable
4286,Stable
4287,Stable
4288,Stable
4289,Stable
4290,Stable
4291,Stable
4292,Stable
4293,Stable
4294,Stable
4295,Stable
4296,Stable
4297,Stable
4298,Stable
4299,Stable
4300,Stable
4301,Stable
4302,Stable
4303,Stable
4304,Stable
4305,Stable
4306,Stable
4307,Stable
4308,Stable
4309,Stable
4310,Stable
4311,Stable
4312,Stable
4313,Stable
4314,Stable
4315,Stable
4316,Stable
4317,Stable
4318,Stable
4319,Stable
4320,Stable
4321,Stable
4322,Stable
4323,Stable
4324,Stable
4325,Stable
4326,Stable
4327,Stable
4328,Stable
4329,Stable
4330,Stable
4331,Stable
4332,Stable
4333,Stable
4334,Stable
4335,Stable
4336,Stable
4337,Stable
4338,Stable
4339,Stable
4340,Stable
4341,Stable
4342,Stable
4343,Stable
4344,Stable
4345,Stable
4346,Stable
4347,Stable
4348,Stable
4349,Stable
4350,Stable
4351,Stable
4352,Stable
4353,Stable
4354,Stable
4355,Stable
4356,Stable
4357,Stable
4358,Stable
4359,Stable
4360,Stable
4361,Stable
4362,Stable
4363,Stable
4364,Stable
4365,Stable
4366,Stable
4367,Stable
4368,Stable
4369,Stable
4370,Stable
4371,Stable
4372,Stable
4373,Stable
4374,Stable
4375,Stable
4376,Stable
4377,Stable
4378,Stable
4379,Stable
4380,Stable
4381,Stable
4382,Stable
4383,Stable
4384,Stable
4385,Stable
4386,Stable
4387,Stable
4388,Stable
4389,Stable
4390,Stable
4391,Stable
4392,Stable
4393,Stable
4394,Stable
4395,Stable
4396,Stable
4397,Stable
4398,Stable
4399,Stable
4400,Stable
4401,Stable
4402,Stable
4403,Stable
4404,Stable
4405,Stable
4406,Stable
4407,Stable
4408,Stable
4409,Stable
4410,Stable
4411,Stable
4412,Stable
4413,Stable
4414,Stable
4415,Stable
4416,Stable
4417,Stable
4418,Stable
4419,Stable
4420,Stable
4421,Stable
4422,Stable
4423,Stable
4424,Stable
4425,Stable
4426,Stable
4427,Stable
4428,Stable
4429,Stable
4430,Stable
4431,Stable
4432,Stable
4433,Stable
4434,Stable
4435,Stable
4436,Stable
4437,Stable
4438,Stable
4439,Stable
4440,Stable
4441,Stable
4442,Stable
4443,Stable
4444,Stable
4445,Stable
4446,Stable
4447,Stable
4448,Stable
4449,Stable
4450,Stable
4451,Stable
4452,Stable
4453,Stable
4454,Stable
4455,Stable
4456,Stable
4457,Stable
4458,Stable
4459,Stable
4460,Stable
4461,Stable
4462,Stable
4463,Stable
4464,Stable
4465,Stable
4466,Stable
4467,Stable
4468,Stable
4469,Stable
4470,Stable
4471,Stable
4472,Stable
4473,Stable
4474,Stable
4475,Stable
4476,Stable
4477,Stable
4478,Stable
4479,Stable
4480,Stable
4481,Stable
4482,Stable
4483,Stable
4484,Stable
4485,Stable
4486,Stable
4487,Stable
4488,Stable
4489,Stable
4490,Stable
4491,Stable
4492,Stable
4493,Stable
4494,Stable
4495,Stable
4496,Stable
4497,Stable
4498,Stable
4499,Stable
4500,Stable
4501,Stable
4502,Stable
4503,Stable
4504,Stable
4505,Stable
4506,Stable
4507,Stable
4508,Stable
4509,Stable
4510,Stable
4511,Stable
4512,Stable
4513,Stable
4514,Stable
4515,Stable
4516,Stable
4517,Stable
4518,Stable
4519,Stable
4520,Stable
4521,Stable
4522,Stable
4523,Stable
4524,Stable
4525,Stable
4526,Stable
4527,Stable
4528,Stable
4529,Stable
4530,Stable
4531,Stable
4532,Stable
4533,Stable
4534,Stable
4535,Stable
4536,Stable
4537,Stable
4538,Stable
4539,Stable
4540,Stable
4541,Stable
4542,Stable
4543,Stable
4544,Stable
4545,Stable
4546,Stable
4547,Stable
4548,Stable
4549,Stable
4550,Stable
4551,Stable
4552,Stable
4553,Stable
4554,Stable
4555,Stable
4556,Stable
4557,Stable
4558,Stable
4559,Stable
4560,Stable
4561,Stable
4562,Stable
4563,Stable
4564,Stable
4565,Stable
4566,Stable
4567,Stable
4568,Stable
4569,Stable
4570,Stable
4571,Stable
4572,Stable
4573,Stable
4574,Stable
4575,Stable
4576,Stable
4577,Stable
4578,Stable
4579,Stable
4580,Stable
4581,Stable
4582,Stable
4583,Stable
4584,Stable
4585,Stable
4586,Stable
4587,Stable
4588,Stable
4589,Stable
4590,Stable
4591,Stable
4592,Stable
4593,Stable
4594,Stable
4595,Stable
4596,Stable
4597,Stable
4598,Stable
4599,Stable
4600,Stable
4601,Stable
4602,Stable
4603,Stable
4604,Stable
4605,Stable
4606,Stable
4607,Stable
4608,Stable
4609,Stable
4610,Stable
4611,Stable
4612,Stable
4613,Stable
4614,Stable
4615,Stable
4616,Stable
4617,Stable
4618,Stable
4619,Stable
4620,Stable
4621,Stable
4622,Stable
4623,Stable
4624,Stable
4625,Stable
4626,Stable
4627,Stable
4628,Stable
4629,Stable
4630,Stable
4631,Stable
4632,Stable
4633,Stable
4634,Stable
4635,Stable
4636,Stable
4637,Stable
4638,Stable
4639,Stable
4640,Stable
4641,Stable
4642,Stable
4643,Stable
4644,Stable
4645,Stable
4646,Stable
4647,Stable
4648,Stable
4649,Stable
4650,Stable
4651,Stable
4652,Stable
4653,Stable
4654,Stable
4655,Stable
4656,Stable
4657,Stable
4658,Stable
4659,Stable
4660,Stable
4661,Stable
4662,Stable
4663,Stable
4664,Stable
4665,Stable
4666,Stable
4667,Stable
4668,Stable
4669,Stable
4670,Stable
4671,Stable
4672,Stable
4673,Stable
4674,Stable
4675,Stable
4676,Stable
4677,Stable
4678,Stable
4679,Stable
4680,Stable
4681,Stable
4682,Stable
4683,Stable
4684,Stable
4685,Stable
4686,Stable
4687,Stable
4688,Stable
4689,Stable
4690,Stable
4691,Stable
4692,Stable
4693,Stable
4694,Stable
4695,Stable
4696,Stable
4697,Stable
4698,Stable
4699,Stable
4700,Stable
4701,Stable
4702,Stable
4703,Stable
4704,Stable
4705,Stable
4706,Stable
4707,Stable
4708,Stable
4709,Stable
4710,Stable
4711,Stable
4712,Stable
4713,Stable
4714,Stable
4715,Stable
4716,Stable
4717,Stable
4718,Stable
4719,Stable
4720,Stable
4721,Stable
4722,Stable
4723,Stable
4724,Stable
4725,Stable
4726,Stable
4727,Stable
4728,Stable
4729,Stable
4730,Stable
4731,Stable
4732,Stable
4733,Stable
4734,Stable
4735,Stable
4736,Stable
4737,Stable
4738,Stable
4739,Stable
4740,Stable
4741,Stable
4742,Stable
4743,Stable
4744,Stable
4745,Stable
4746,Stable
4747,Stable
4748,Stable
4749,Stable
4750,Stable
4751,Stable
4752,Stable
4753,Stable
4754,Stable
4755,Stable
4756,Stable
4757,Stable
4758,Stable
4759,Stable
4760,Stable
4761,Stable
4762,Stable
4763,Stable
4764,Stable
4765,Stable
4766,Stable
4767,Stable
4768,Stable
4769,Stable
4770,Stable
4771,Stable
4772,Stable
4773,Stable
4774,Stable
4775,Stable
4776,Stable
4777,Stable
4778,Stable
4779,Stable
4780,Stable
4781,Stable
4782,Stable
4783,Stable
4784,Stable
4785,Stable
4786,Stable
4787,Stable
4788,Stable
4789,Stable
4790,Stable
4791,Stable
4792,Stable
4793,Stable
4794,Stable
4795,Stable
4796,Stable
4797,Stable
4798,Stable
4799,Stable
4800,Stable
4801,Stable
4802,Stable
4803,Stable
4804,Stable
4805,Stable
4806,Stable
4807,Stable
4808,Stable
4809,Stable
4810,Stable
4811,Stable
4812,Stable
4813,Stable
4814,Stable
4815,Stable
4816,Stable
4817,Stable
4818,Stable
4819,Stable
4820,Stable
4821,Stable
4822,Stable
4823,Stable
4824,Stable
4825,Stable
4826,Stable
4827,Stable
4828,Stable
4829,Stable
4830,Stable
4831,Stable
4832,Stable
4833,Stable
4834,Stable
4835,Stable
4836,Stable
4837,Stable
4838,Stable
4839,Stable
4840,Stable
4841,Stable
4842,Stable
4843,Stable
4844,Stable
4845,Stable
4846,Stable
4847,Stable
4848,Stable
4849,Stable
4850,Stable
4851,Stable
4852,Stable
4853,Stable
4854,Stable
4855,Stable
4856,Stable
4857,Stable
4858,Stable
4859,Stable
4860,Stable
4861,Stable
4862,Stable
4863,Stable
4864,Stable
4865,Stable
4866,Stable
4867,Stable
4868,Stable
4869,Stable
4870,Stable
4871,Stable
4872,Stable
4873,Stable
4874,Stable
4875,Stable
4876,Stable
4877,Stable
4878,Stable
4879,Stable
4880,Stable
4881,Stable
4882,Stable
4883,Stable
4884,Stable
4885,Stable
4886,Stable
4887,Stable
4888,Stable
4889,Stable
4890,Stable
4891,Stable
4892,Stable
4893,Stable
4894,Stable
4895,Stable
4896,Stable
4897,Stable
4898,Stable
4899,Stable
4900,Stable
4901,Stable
4902,Stable
4903,Stable
4904,Stable
4905,Stable
4906,Stable
4907,Stable
4908,Stable
4909,Stable
4910,Stable
4911,Stable
4912,Stable
4913,Stable
4914,Stable
4915,Stable
4916,Stable
4917,Stable
4918,Stable
4919,Stable
4920,Stable
4921,Stable
4922,Stable
4923,Stable
4924,Stable
4925,Stable
4926,Stable
4927,Stable
4928,Stable
4929,Stable
4930,Stable
4931,Stable
4932,Stable
4933,Stable
4934,Stable
4935,Stable
4936,Stable
4937,Stable
4938,Stable
4939,Stable
4940,Stable
4941,Stable
4942,Stable
4943,Stable
4944,Stable
4945,Stable
4946,Stable
4947,Stable
4948,Stable
4949,Stable
4950,Stable
4951,Stable
4952,Stable
4953,Stable
4954,Stable
4955,Stable
4956,Stable
4957,Stable
4958,Stable
4959,Minimum Sway
4960,Minimum Sway
4961,Minimum Sway
4962,Minimum Sway
4963,Minimum Sway
4964,Minimum Sway
4965,Minimum Sway
4966,Minimum Sway
4967,Minimum Sway
4968,Minimum Sway
4969,Minimum Sway
4970,Minimum Sway
4971,Minimum Sway
4972,Minimum Sway
4973,Minimum Sway
4974,Minimum Sway
4975,Minimum Sway
4976,Minimum Sway
4977,Minimum Sway
4978,Minimum Sway
4979,Minimum Sway
4980,Minimum Sway
4981,Minimum Sway
4982,Minimum Sway
4983,Minimum Sway
4984,Minimum Sway
4985,Minimum Sway
4986,Minimum Sway
4987,Minimum Sway
4988,Minimum Sway
4989,Minimum Sway
4990,Minimum Sway
4991,Minimum Sway
4992,Stable
4993,Stable
4994,Stable
4995,Stable
4996,Stable
4997,Stable
4998,Stable
4999,Stable
5000,Stable
5001,Stable
5002,Stable
5003,Stable
5004,Stable
5005,Stable
5006,Stable
5007,Stable
5008,Stable
5009,Stable
5010,Stable
5011,Stable
5012,Stable
5013,Stable
5014,Stable
5015,Stable
5016,Stable
5017,Stable
5018,Stable
5019,Stable
5020,Stable
5021,Stable
5022,Stable
5023,Stable
5024,Stable
5025,Stable
5026,Stable
5027,Stable
5028,Stable
5029,Stable
5030,Stable
5031,Stable
5032,Stable
5033,Stable
5034,Stable
5035,Stable
5036,Stable
5037,Stable
5038,Stable
5039,Stable
5040,Stable
5041,Stable
5042,Stable
5043,Stable
5044,Stable
5045,Stable
5046,Stable
5047,Stable
5048,Stable
5049,Stable
5050,Stable
5051,Stable
5052,Stable
5053,Stable
5054,Stable
5055,Stable
5056,Stable
5057,Stable
5058,Stable
5059,Stable
5060,Stable
5061,Stable
5062,Stable
5063,Stable
5064,Stable
5065,Stable
5066,Stable
5067,Stable
5068,Stable
5069,Stable
5070,Stable
5071,Stable
5072,Stable
5073,Stable
5074,Stable
5075,Stable
5076,Stable
5077,Stable
5078,Stable
5079,Stable
5080,Stable
5081,Stable
5082,Stable
5083,Stable
5084,Stable
5085,Stable
5086,Stable
5087,Stable
5088,Stable
5089,Stable
5090,Stable
5091,Stable
5092,Stable
5093,Stable
5094,Stable
5095,Stable
5096,Stable
5097,Stable
5098,Stable
5099,Stable
5100,Stable
5101,Stable
5102,Stable
5103,Stable
5104,Stable
5105,Stable
5106,Stable
5107,Stable
5108,Stable
5109,Stable
5110,Stable
5111,Stable
5112,Stable
5113,Stable
5114,Stable
5115,Stable
5116,Stable
5117,Stable
5118,Stable
5119,Stable
5120,Stable
5121,Stable
5122,Stable
5123,Stable
5124,Stable
5125,Stable
5126,Stable
5127,Stable
5128,Stable
5129,Stable
5130,Stable
5131,Stable
5132,Stable
5133,Stable
5134,Stable
5135,Stable
5136,Stable
5137,Stable
5138,Stable
5139,Stable
5140,Stable
5141,Stable
5142,Stable
5143,Stable
5144,Stable
5145,Stable
5146,Stable
5147,Stable
5148,Stable
5149,Stable
5150,Stable
5151,Stable
5152,Stable
5153,Stable
5154,Stable
5155,Stable
5156,Stable
5157,Stable
5158,Stable
5159,Stable
5160,Stable
5161,Stable
5162,Stable
5163,Stable
5164,Stable
5165,Stable
5166,Stable
5167,Stable
5168,Stable
5169,Stable
5170,Stable
5171,Stable
5172,Stable
5173,Stable
5174,Stable
5175,Stable
5176,Stable
5177,Stable
5178,Stable
5179,Stable
5180,Stable
5181,Stable
5182,Stable
5183,Stable
5184,Stable
5185,Stable
5186,Stable
5187,Stable
5188,Stable
5189,Stable
5190,Stable
5191,Stable
5192,Stable
5193,Stable
5194,Stable
5195,Stable
5196,Stable
5197,Stable
5198,Stable
5199,Stable
5200,Stable
5201,Stable
5202,Stable
5203,Stable
5204,Stable
5205,Stable
5206,Stable
5207,Stable
5208,Stable
5209,Stable
5210,Stable
5211,Stable
5212,Stable
5213,Stable
5214,Stable
5215,Stable
5216,Stable
5217,Stable
5218,Stable
5219,Stable
5220,Stable
5221,Stable
5222,Stable
5223,Stable
5224,Stable
5225,Stable
5226,Stable
5227,Stable
5228,Stable
5229,Stable
5230,Stable
5231,Stable
5232,Stable
5233,Stable
5234,Stable
5235,Stable
5236,Stable
5237,Stable
5238,Stable
5239,Stable
5240,Stable
5241,Stable
5242,Stable
5243,Stable
5244,Stable
5245,Stable
5246,Stable
5247,Stable
5248,Stable
5249,Stable
5250,Stable
5251,Stable
5252,Stable
5253,Stable
5254,Stable
5255,Stable
5256,Stable
5257,Stable
5258,Stable
5259,Stable
5260,Stable
5261,Stable
5262,Stable
5263,Stable
5264,Stable
5265,Stable
5266,Stable
5267,Stable
5268,Stable
5269,Stable
5270,Stable
5271,Stable
5272,Stable
5273,Stable
5274,Stable
5275,Stable
5276,Stable
5277,Stable
5278,Stable
5279,Stable
5280,Stable
5281,Stable
5282,Stable
5283,Stable
5284,Stable
5285,Stable
5286,Stable
5287,Stable
5288,Stable
5289,Stable
5290,Stable
5291,Stable
5292,Stable
5293,Stable
5294,Stable
5295,Stable
5296,Stable
5297,Stable
5298,Stable
5299,Stable
5300,Stable
5301,Stable
5302,Stable
5303,Stable
5304,Stable
5305,Stable
5306,Stable
5307,Stable
5308,Stable
5309,Stable
5310,Stable
5311,Stable
5312,Stable
5313,Stable
5314,Stable
5315,Stable
5316,Stable
5317,Stable
5318,Stable
5319,Stable
5320,Stable
5321,Stable
5322,Stable
5323,Stable
5324,Stable
5325,Stable
5326,Stable
5327,Stable
5328,Stable
5329,Stable
5330,Stable
5331,Stable
5332,Stable
5333,Stable
5334,Stable
5335,Stable
5336,Stable
5337,Stable
5338,Stable
5339,Stable
5340,Stable
5341,Stable
5342,Stable
5343,Stable
5344,Stable
5345,Stable
5346,Stable
5347,Stable
5348,Stable
5349,Stable
5350,Stable
5351,Stable
5352,Stable
5353,Stable
5354,Stable
5355,Stable
5356,Stable
5357,Stable
5358,Stable
5359,Stable
5360,Stable
5361,Stable
5362,Stable
5363,Stable
5364,Stable
5365,Stable
5366,Stable
5367,Stable
5368,Stable
5369,Stable
5370,Stable
5371,Stable
5372,Stable
5373,Stable
5374,Stable
5375,Stable
5376,Stable
5377,Stable
5378,Stable
5379,Stable
5380,Stable
5381,Stable
5382,Stable
5383,Stable
5384,Stable
5385,Stable
5386,Stable
5387,Stable
5388,Stable
5389,Stable
5390,Stable
5391,Stable
5392,Stable
5393,Stable
5394,Stable
5395,Stable
5396,Stable
5397,Stable
5398,Stable
5399,Stable
5400,Stable
5401,Stable
5402,Stable
5403,Stable
5404,Stable
5405,Stable
5406,Stable
5407,Stable
5408,Stable
5409,Stable
5410,Stable
5411,Stable
5412,Stable
5413,Stable
5414,Stable
5415,Stable
5416,Stable
5417,Stable
5418,Stable
5419,Stable
5420,Stable
5421,Stable
5422,Stable
5423,Stable
5424,Stable
5425,Stable
5426,Stable
5427,Stable
5428,Stable
5429,Stable
5430,Stable
5431,Stable
5432,Stable
5433,Stable
5434,Stable
5435,Stable
5436,Stable
5437,Stable
5438,Stable
5439,Stable
5440,Stable
5441,Stable
5442,Stable
5443,Stable
5444,Stable
5445,Stable
5446,Stable
5447,Stable
5448,Stable
5449,Stable
5450,Stable
5451,Stable
5452,Stable
5453,Stable
5454,Stable
5455,Stable
5456,Stable
5457,Stable
5458,Stable
5459,Stable
5460,Stable
5461,Stable
5462,Stable
5463,Stable
5464,Stable
5465,Stable
5466,Stable
5467,Stable
5468,Stable
5469,Stable
5470,Stable
5471,Stable
5472,Stable
5473,Stable
5474,Stable
5475,Stable
5476,Stable
5477,Stable
5478,Stable
5479,Stable
5480,Stable
5481,Stable
5482,Stable
5483,Stable
5484,Stable
5485,Stable
5486,Stable
5487,Stable
5488,Stable
5489,Stable
5490,Stable
5491,Stable
5492,Stable
5493,Stable
5494,Stable
5495,Stable
5496,Stable
5497,Stable
5498,Stable
5499,Stable
5500,Stable
5501,Stable
5502,Stable
5503,Stable
5504,Stable
5505,Stable
5506,Stable
5507,Stable
5508,Stable
5509,Stable
5510,Stable
5511,Stable
5512,Stable
5513,Stable
5514,Stable
5515,Stable
5516,Stable
5517,Stable
5518,Stable
5519,Stable
5520,Stable
5521,Stable
5522,Stable
5523,Stable
5524,Stable
5525,Stable
5526,Stable
5527,Stable
5528,Stable
5529,Stable
5530,Stable
5531,Stable
5532,Stable
5533,Stable
5534,Stable
5535,Stable
5536,Stable
5537,Stable
5538,Stable
5539,Stable
5540,Stable
5541,Stable
5542,Stable
5543,Stable
5544,Stable
5545,Stable
5546,Stable
5547,Stable
5548,Stable
5549,Stable
5550,Stable
5551,Stable
5552,Stable
5553,Stable
5554,Stable
5555,Stable
5556,Stable
5557,Stable
5558,Stable
5559,Stable
5560,Stable
5561,Stable
5562,Stable
5563,Stable
5564,Stable
5565,Stable
5566,Stable
5567,Stable
5568,Stable
5569,Stable
5570,Stable
5571,Stable
5572,Stable
5573,Stable
5574,Stable
5575,Stable
5576,Stable
5577,Stable
5578,Stable
5579,Stable
5580,Stable
5581,Stable
5582,Stable
5583,Stable
5584,Stable
5585,Stable
5586,Stable
5587,Stable
5588,Stable
5589,Stable
5590,Stable
5591,Stable
5592,Stable
5593,Stable
5594,Stable
5595,Stable
5596,Stable
5597,Stable
5598,Stable
5599,Stable
5600,Stable
5601,Stable
5602,Stable
5603,Stable
5604,Stable
5605,Stable
5606,Stable
5607,Stable
5608,Stable
5609,Stable
5610,Stable
5611,Stable
5612,Stable
5613,Stable
5614,Stable
5615,Stable
5616,Stable
5617,Stable
5618,Stable
5619,Stable
5620,Stable
5621,Stable
5622,Stable
5623,Stable
5624,Stable
5625,Stable
5626,Stable
5627,Stable
5628,Stable
5629,Stable
5630,Stable
5631,Stable
5632,Stable
5633,Stable
5634,Stable
5635,Stable
5636,Stable
5637,Stable
5638,Stable
5639,Stable
5640,Stable
5641,Stable
5642,Stable
5643,Stable
5644,Stable
5645,Stable
5646,Stable
5647,Stable
5648,Stable
5649,Stable
5650,Stable
5651,Stable
5652,Stable
5653,Stable
5654,Stable
5655,Stable
5656,Stable
5657,Stable
5658,Stable
5659,Stable
5660,Stable
5661,Stable
5662,Stable
5663,Stable
5664,Stable
5665,Stable
5666,Stable
5667,Stable
5668,Stable
5669,Stable
5670,Stable
5671,Stable
5672,Stable
5673,Stable
5674,Stable
5675,Stable
5676,Stable
5677,Stable
5678,Stable
5679,Stable
5680,Stable
5681,Stable
5682,Stable
5683,Stable
5684,Stable
5685,Stable
5686,Stable
5687,Stable
5688,Stable
5689,Stable
5690,Stable
5691,Stable
5692,Stable
5693,Stable
5694,Stable
5695,Stable
5696,Stable
5697,Stable
5698,Stable
5699,Stable
5700,Stable
5701,Stable
5702,Stable
5703,Stable
5704,Stable
5705,Stable
5706,Stable
5707,Stable
5708,Stable
5709,Stable
5710,Stable
5711,Stable
5712,Stable
5713,Stable
5714,Stable
5715,Stable
5716,Stable
5717,Stable
5718,Stable
5719,Stable
5720,Stable
5721,Stable
5722,Stable
5723,Stable
5724,Stable
5725,Stable
5726,Stable
5727,Stable
5728,Stable
5729,Stable
5730,Stable
5731,Stable
5732,Stable
5733,Stable
5734,Stable
5735,Stable
5736,Stable
5737,Stable
5738,Stable
5739,Stable
5740,Stable
5741,Stable
5742,Stable
5743,Stable
5744,Stable
5745,Stable
5746,Stable
5747,Stable
5748,Stable
5749,Stable
5750,Stable
5751,Stable
5752,Stable
5753,Stable
5754,Stable
5755,Stable
5756,Stable
5757,Stable
5758,Stable
5759,Stable
5760,Stable
5761,Stable
5762,Stable
5763,Stable
5764,Stable
5765,Stable
5766,Stable
5767,Stable
5768,Stable
5769,Stable
5770,Stable
5771,Stable
5772,Stable
5773,Stable
5774,Stable
5775,Stable
5776,Stable
5777,Stable
5778,Stable
5779,Stable
5780,Stable
5781,Stable
5782,Stable
5783,Stable
5784,Stable
5785,Stable
5786,Stable
5787,Stable
5788,Stable
5789,Stable
5790,Stable
5791,Stable
5792,Stable
5793,Stable
5794,Stable
5795,Stable
5796,Stable
5797,Stable
5798,Stable
5799,Stable
5800,Stable
5801,Stable
5802,Stable
5803,Stable
5804,Stable
5805,Stable
5806,Stable
5807,Stable
5808,Stable
5809,Stable
5810,Stable
5811,Stable
5812,Stable
5813,Stable
5814,Stable
5815,Stable
5816,Stable
5817,Stable
5818,Stable
5819,Stable
5820,Stable
5821,Stable
5822,Stable
5823,Stable
5824,Stable
5825,Stable
5826,Stable
5827,Stable
5828,Stable
5829,Stable
5830,Stable
5831,Stable
5832,Stable
5833,Stable
5834,Stable
5835,Stable
5836,Stable
5837,Stable
5838,Stable
5839,Stable
5840,Stable
5841,Stable
5842,Stable
5843,Stable
5844,Stable
5845,Stable
5846,Stable
5847,Stable
5848,Stable
5849,Stable
5850,Stable
5851,Stable
5852,Stable
5853,Stable
5854,Stable
5855,Stable
5856,Stable
5857,Stable
5858,Stable
5859,Stable
5860,Stable
5861,Stable
5862,Stable
5863,Stable
5864,Stable
5865,Stable
5866,Stable
5867,Stable
5868,Stable
5869,Stable
5870,Stable
5871,Stable
5872,Stable
5873,Stable
5874,Stable
5875,Stable
5876,Stable
5877,Stable
5878,Stable
5879,Stable
5880,Stable
5881,Stable
5882,Stable
5883,Stable
5884,Stable
5885,Stable
5886,Stable
5887,Stable
5888,Stable
5889,Stable
5890,Stable
5891,Stable
5892,Stable
5893,Stable
5894,Stable
5895,Stable
5896,Stable
5897,Stable
5898,Stable
5899,Stable
5900,Stable
5901,Stable
5902,Stable
5903,Stable
5904,Stable
5905,Stable
5906,Stable
5907,Stable
5908,Stable
5909,Stable
5910,Stable
5911,Stable
5912,Stable
5913,Stable
5914,Stable
5915,Stable
5916,Stable
5917,Stable
5918,Stable
5919,Stable
5920,Stable
5921,Stable
5922,Stable
5923,Stable
5924,Stable
5925,Stable
5926,Stable
5927,Stable
5928,Stable
5929,Stable
5930,Stable
5931,Stable
5932,Stable
5933,Stable
5934,Stable
5935,Stable
5936,Stable
5937,Stable
5938,Stable
5939,Stable
5940,Stable
5941,Stable
5942,Stable
5943,Stable
5944,Stable
5945,Stable
5946,Stable
5947,Stable
5948,Stable
5949,Stable
5950,Stable
5951,Stable
5952,Stable
5953,Stable
5954,Stable
5955,Stable
5956,Stable
5957,Stable
5958,Stable
5959,Stable
5960,Stable
5961,Stable
5962,Stable
5963,Stable
5964,Stable
5965,Stable
5966,Stable
5967,Stable
5968,Stable
5969,Stable
5970,Stable
5971,Stable
5972,Stable
5973,Stable
5974,Stable
5975,Stable
5976,Stable
5977,Stable
5978,Stable
5979,Stable
5980,Stable
5981,Stable
5982,Stable
5983,Stable
5984,Stable
5985,Stable
5986,Stable
5987,Stable
5988,Stable
5989,Stable
5990,Stable
5991,Stable
5992,Stable
5993,Stable
5994,Stable
5995,Stable
5996,Stable
5997,Stable
5998,Stable
5999,Stable
6000,Stable
6001,Stable
6002,Stable
6003,Stable
6004,Stable
6005,Stable
6006,Stable
6007,Stable
6008,Stable
6009,Stable
6010,Stable
6011,Stable
6012,Stable
6013,Stable
6014,Stable
6015,Stable
6016,Stable
6017,Stable
6018,Stable
6019,Stable
6020,Stable
6021,Stable
6022,Stable
6023,Stable
6024,Stable
6025,Stable
6026,Stable
6027,Stable
6028,Stable
6029,Stable
6030,Stable
6031,Stable
6032,Stable
6033,Stable
6034,Stable
6035,Stable
6036,Stable
6037,Stable
6038,Stable
6039,Stable
6040,Stable
6041,Stable
6042,Stable
6043,Stable
6044,Stable
6045,Stable
6046,Stable
6047,Stable
6048,Stable
6049,Stable
6050,Stable
6051,Stable
6052,Stable
6053,Stable
6054,Stable
6055,Stable
6056,Stable
6057,Stable
6058,Stable
6059,Stable
6060,Stable
6061,Stable
6062,Stable
6063,Stable
6064,Stable
6065,Stable
6066,Stable
6067,Stable
6068,Stable
6069,Stable
6070,Stable
6071,Stable
6072,Stable
6073,Stable
6074,Stable
6075,Stable
6076,Stable
6077,Stable
6078,Stable
6079,Stable
6080,Stable
6081,Stable
6082,Stable
6083,Stable
6084,Stable
6085,Stable
6086,Stable
6087,Stable
6088,Stable
6089,Stable
6090,Stable
6091,Stable
6092,Stable
6093,Stable
6094,Stable
6095,Stable
6096,Stable
6097,Stable
6098,Stable
6099,Stable
6100,Stable
6101,Stable
6102,Stable
6103,Stable
6104,Stable
6105,Stable
6106,Stable
6107,Stable
6108,Stable
6109,Stable
6110,Stable
6111,Stable
6112,Stable
6113,Stable
6114,Stable
6115,Stable
6116,Stable
6117,Stable
6118,Stable
6119,Stable
6120,Stable
6121,Stable
6122,Stable
6123,Stable
6124,Stable
6125,Stable
6126,Stable
6127,Stable
6128,Stable
6129,Stable
6130,Stable
6131,Stable
6132,Stable
6133,Stable
6134,Stable
6135,Stable
6136,Stable
6137,Stable
6138,Stable
6139,Stable
6140,Stable
6141,Stable
6142,Stable
6143,Stable
6144,Stable
6145,Stable
6146,Stable
6147,Stable
6148,Stable
6149,Stable
6150,Stable
6151,Stable
6152,Stable
6153,Stable
6154,Stable
6155,Stable
6156,Stable
6157,Stable
6158,Stable
6159,Stable
6160,Stable
6161,Stable
6162,Stable
6163,Stable
6164,Stable
6165,Stable
6166,Stable
6167,Stable
6168,Stable
6169,Stable
6170,Stable
6171,Stable
6172,Stable
6173,Stable
6174,Stable
6175,Stable
6176,Stable
6177,Stable
6178,Stable
6179,Stable
6180,Stable
6181,Stable
6182,Stable
6183,Stable
6184,Stable
6185,Stable
6186,Stable
6187,Stable
6188,Stable
6189,Stable
6190,Stable
6191,Stable
6192,Stable
6193,Stable
6194,Stable
6195,Stable
6196,Stable
6197,Stable
6198,Stable
6199,Stable
6200,Stable
6201,Stable
6202,Stable
6203,Stable
6204,Stable
6205,Stable
6206,Stable
6207,Stable
6208,Stable
6209,Stable
6210,Stable
6211,Stable
6212,Stable
6213,Stable
6214,Stable
6215,Stable
6216,Stable
6217,Stable
6218,Stable
6219,Stable
6220,Stable
6221,Stable
6222,Stable
6223,Stable
6224,Stable
6225,Stable
6226,Stable
6227,Stable
6228,Stable
6229,Stable
6230,Stable
6231,Stable
6232,Stable
6233,Stable
6234,Stable
6235,Stable
6236,Stable
6237,Stable
6238,Stable
6239,Stable
6240,Stable
6241,Stable
6242,Stable
6243,Stable
6244,Stable
6245,Stable
6246,Stable
6247,Stable
6248,Stable
6249,Stable
6250,Stable
6251,Stable
6252,Stable
6253,Stable
6254,Stable
6255,Stable
6256,Stable
6257,Stable
6258,Stable
6259,Stable
6260,Stable
6261,Stable
6262,Stable
6263,Stable
6264,Stable
6265,Stable
6266,Stable
6267,Stable
6268,Stable
6269,Stable
6270,Stable
6271,Stable
6272,Stable
6273,Stable
6274,Stable
6275,Stable
6276,Stable
6277,Stable
6278,Stable
6279,Stable
6280,Stable
6281,Stable
6282,Stable
6283,Stable
6284,Stable
6285,Stable
6286,Stable
6287,Stable
6288,Stable
6289,Stable
6290,Stable
6291,Stable
6292,Stable
6293,Stable
6294,Stable
6295,Stable
6296,Stable
6297,Stable
6298,Stable
6299,Stable
6300,Stable
6301,Stable
6302,Stable
6303,Stable
6304,Stable
6305,Stable
6306,Stable
6307,Stable
6308,Stable
6309,Stable
6310,Stable
6311,Stable
6312,Stable
6313,Stable
6314,Stable
6315,Stable
6316,Stable
6317,Stable
6318,Stable
6319,Stable
6320,Stable
6321,Stable
6322,Stable
6323,Stable
6324,Stable
6325,Stable
6326,Stable
6327,Stable
6328,Stable
6329,Stable
6330,Stable
6331,Stable
6332,Stable
6333,Stable
6334,Stable
6335,Stable
6336,Stable
6337,Stable
6338,Stable
6339,Stable
6340,Stable
6341,Stable
6342,Stable
6343,Stable
6344,Stable
6345,Stable
6346,Stable
6347,Stable
6348,Stable
6349,Stable
6350,Stable
6351,Stable
6352,Stable
6353,Stable
6354,Stable
6355,Stable
6356,Stable
6357,Stable
6358,Stable
6359,Stable
6360,Stable
6361,Stable
6362,Stable
6363,Stable
6364,Stable
6365,Stable
6366,Stable
6367,Stable
6368,Stable
6369,Stable
6370,Stable
6371,Stable
6372,Stable
6373,Stable
6374,Stable
6375,Stable
6376,Stable
6377,Stable
6378,Stable
6379,Stable
6380,Stable
6381,Stable
6382,Stable
6383,Stable
6384,Stable
6385,Stable
6386,Stable
6387,Stable
6388,Stable
6389,Stable
6390,Stable
6391,Stable
6392,Stable
6393,Stable
6394,Stable
6395,Stable
6396,Stable
6397,Stable
6398,Stable
6399,Stable
6400,Stable
6401,Stable
6402,Stable
6403,Stable
6404,Stable
6405,Stable
6406,Stable
6407,Stable
6408,Stable
6409,Stable
6410,Stable
6411,Stable
6412,Stable
6413,Stable
6414,Stable
6415,Stable
6416,Stable
6417,Stable
6418,Stable
6419,Stable
6420,Stable
6421,Stable
6422,Stable
6423,Stable
6424,Stable
6425,Stable
6426,Stable
6427,Stable
6428,Stable
6429,Stable
6430,Stable
6431,Stable
6432,Stable
6433,Stable
6434,Stable
6435,Stable
6436,Stable
6437,Stable
6438,Stable
6439,Stable
6440,Stable
6441,Stable
6442,Stable
6443,Stable
6444,Stable
6445,Stable
6446,Stable
6447,Stable
6448,Stable
6449,Stable
6450,Stable
6451,Stable
6452,Stable
6453,Stable
6454,Stable
6455,Stable
6456,Stable
6457,Stable
6458,Stable
6459,Stable
6460,Stable
6461,Stable
6462,Stable
6463,Stable
6464,Stable
6465,Stable
6466,Stable
6467,Stable
6468,Stable
6469,Stable
6470,Stable
6471,Stable
6472,Stable
6473,Stable
6474,Stable
6475,Stable
6476,Stable
6477,Stable
6478,Stable
6479,Stable
6480,Stable
6481,Stable
6482,Stable
6483,Stable
6484,Stable
6485,Stable
6486,Stable
6487,Stable
6488,Stable
6489,Stable
6490,Stable
6491,Stable
6492,Stable
6493,Stable
6494,Stable
6495,Stable
6496,Stable
6497,Stable
6498,Stable
6499,Stable
6500,Stable
6501,Stable
6502,Stable
6503,Stable
6504,Stable
6505,Stable
6506,Stable
6507,Stable
6508,Stable
6509,Stable
6510,Stable
6511,Stable
6512,Stable
6513,Stable
6514,Stable
6515,Stable
6516,Stable
6517,Stable
6518,Stable
6519,Stable
6520,Stable
6521,Stable
6522,Stable
6523,Stable
6524,Stable
6525,Stable
6526,Stable
6527,Stable
6528,Stable
6529,Stable
6530,Stable
6531,Stable
6532,Stable
6533,Stable
6534,Stable
6535,Stable
6536,Stable
6537,Stable
6538,Stable
6539,Stable
6540,Stable
6541,Stable
6542,Stable
6543,Stable
6544,Stable
6545,Stable
6546,Stable
6547,Stable
6548,Stable
6549,Stable
6550,Stable
6551,Stable
6552,Stable
6553,Stable
6554,Stable
6555,Stable
6556,Stable
6557,Stable
6558,Stable
6559,Stable
6560,Stable
6561,Stable
6562,Stable
6563,Stable
6564,Stable
6565,Stable
6566,Stable
6567,Stable
6568,Stable
6569,Stable
6570,Stable
6571,Stable
6572,Stable
6573,Stable
6574,Stable
6575,Stable
6576,Stable
6577,Stable
6578,Stable
6579,Stable
6580,Stable
6581,Stable
6582,Stable
6583,Stable
6584,Stable
6585,Stable
6586,Stable
6587,Stable
6588,Stable
6589,Stable
6590,Stable
6591,Stable
6592,Stable
6593,Stable
6594,Stable
6595,Stable
6596,Stable
6597,Stable
6598,Stable
6599,Stable
6600,Stable
6601,Stable
6602,Stable
6603,Stable
6604,Stable
6605,Stable
6606,Stable
6607,Stable
6608,Stable
6609,Stable
6610,Stable
6611,Stable
6612,Stable
6613,Stable
6614,Stable
6615,Stable
6616,Stable
6617,Stable
6618,Stable
6619,Stable
6620,Stable
6621,Stable
6622,Stable
6623,Stable
6624,Stable
6625,Stable
6626,Stable
6627,Stable
6628,Stable
6629,Stable
6630,Stable
6631,Stable
6632,Stable
6633,Stable
6634,Stable
6635,Stable
6636,Stable
6637,Stable
6638,Stable
6639,Stable
6640,Stable
6641,Stable
6642,Stable
6643,Stable
6644,Stable
6645,Stable
6646,Stable
6647,Stable
6648,Stable
6649,Stable
6650,Stable
6651,Stable
6652,Stable
6653,Stable
6654,Stable
6655,Stable
6656,Stable
6657,Stable
6658,Stable
6659,Stable
6660,Stable
6661,Stable
6662,Stable
6663,Stable
6664,Stable
6665,Stable
6666,Stable
6667,Stable
6668,Stable
6669,Stable
6670,Stable
6671,Stable
6672,Stable
6673,Stable
6674,Stable
6675,Stable
6676,Stable
6677,Stable
6678,Stable
6679,Stable
6680,Stable
6681,Stable
6682,Stable
6683,Stable
6684,Stable
6685,Stable
6686,Stable
6687,Stable
6688,Stable
6689,Stable
6690,Stable
6691,Stable
6692,Stable
6693,Stable
6694,Stable
6695,Stable
6696,Stable
6697,Stable
6698,Stable
6699,Stable
6700,Stable
6701,Stable
6702,Stable
6703,Stable
6704,Stable
6705,Stable
6706,Stable
6707,Stable
6708,Stable
6709,Stable
6710,Stable
6711,Stable
6712,Stable
6713,Stable
6714,Stable
6715,Stable
6716,Stable
6717,Stable
6718,Stable
6719,Stable
6720,Stable
6721,Stable
6722,Stable
6723,Stable
6724,Stable
6725,Stable
6726,Stable
6727,Stable
6728,Stable
6729,Stable
6730,Stable
6731,Stable
6732,Stable
6733,Stable
6734,Stable
6735,Stable
6736,Stable
6737,Stable
6738,Stable
6739,Stable
6740,Stable
6741,Stable
6742,Stable
6743,Stable
6744,Stable
6745,Stable
6746,Stable
6747,Stable
6748,Stable
6749,Stable
6750,Stable
6751,Stable
6752,Stable
6753,Stable
6754,Stable
6755,Stable
6756,Stable
6757,Stable
6758,Stable
6759,Stable
6760,Stable
6761,Stable
6762,Stable
6763,Stable
6764,Stable
6765,Stable
6766,Stable
6767,Stable
6768,Stable
6769,Stable
6770,Stable
6771,Stable
6772,Stable
6773,Stable
6774,Stable
6775,Stable
6776,Stable
6777,Stable
6778,Stable
6779,Stable
6780,Stable
6781,Stable
6782,Stable
6783,Stable
6784,Stable
6785,Stable
6786,Stable
6787,Stable
6788,Stable
6789,Stable
6790,Stable
6791,Stable
6792,Stable
6793,Stable
6794,Stable
6795,Stable
6796,Stable
6797,Stable
6798,Stable
6799,Stable
6800,Stable
6801,Stable
6802,Stable
6803,Stable
6804,Stable
6805,Stable
6806,Stable
6807,Stable
6808,Stable
6809,Stable
6810,Stable
6811,Stable
6812,Stable
6813,Stable
6814,Stable
6815,Stable
6816,Stable
6817,Stable
6818,Stable
6819,Stable
6820,Stable
6821,Stable
6822,Stable
6823,Stable
6824,Stable
6825,Stable
6826,Stable
6827,Stable
6828,Stable
6829,Stable
6830,Stable
6831,Stable
6832,Stable
6833,Stable
6834,Stable
6835,Stable
6836,Stable
6837,Stable
6838,Stable
6839,Stable
6840,Stable
6841,Stable
6842,Stable
6843,Stable
6844,Stable
6845,Stable
6846,Stable
6847,Stable
6848,Stable
6849,Stable
6850,Stable
6851,Stable
6852,Stable
6853,Stable
6854,Stable
6855,Stable
6856,Stable
6857,Stable
6858,Stable
6859,Stable
6860,Stable
6861,Stable
6862,Stable
6863,Stable
6864,Stable
6865,Stable
6866,Stable
6867,Stable
6868,Stable
6869,Stable
6870,Stable
6871,Stable
6872,Stable
6873,Stable
6874,Stable
6875,Stable
6876,Stable
6877,Stable
6878,Stable
6879,Stable
6880,Stable
6881,Stable
6882,Stable
6883,Stable
6884,Stable
6885,Stable
6886,Stable
6887,Stable
6888,Stable
6889,Stable
6890,Stable
6891,Stable
6892,Stable
6893,Stable
6894,Stable
6895,Stable
6896,Stable
6897,Stable
6898,Stable
6899,Stable
6900,Stable
6901,Stable
6902,Stable
6903,Stable
6904,Stable
6905,Stable
6906,Stable
6907,Stable
6908,Stable
6909,Stable
6910,Stable
6911,Stable
6912,Stable
6913,Stable
6914,Stable
6915,Stable
6916,Stable
6917,Stable
6918,Stable
6919,Stable
6920,Stable
6921,Stable
6922,Stable
6923,Stable
6924,Stable
6925,Stable
6926,Stable
6927,Stable
6928,Stable
6929,Stable
6930,Stable
6931,Stable
6932,Stable
6933,Stable
6934,Stable
6935,Stable
6936,Stable
6937,Stable
6938,Stable
6939,Stable
6940,Stable
6941,Stable
6942,Stable
6943,Stable
6944,Stable
6945,Stable
6946,Stable
6947,Stable
6948,Stable
6949,Stable
6950,Stable
6951,Stable
6952,Stable
6953,Stable
6954,Stable
6955,Stable
6956,Stable
6957,Stable
6958,Stable
6959,Stable
6960,Stable
6961,Stable
6962,Stable
6963,Stable
6964,Stable
6965,Stable
6966,Stable
6967,Stable
6968,Stable
6969,Stable
6970,Stable
6971,Stable
6972,Stable
6973,Stable
6974,Stable
6975,Stable
6976,Stable
6977,Stable
6978,Stable
6979,Stable
6980,Stable
6981,Stable
6982,Stable
6983,Stable
6984,Stable
6985,Stable
6986,Stable
6987,Stable
6988,Stable
6989,Stable
6990,Stable
6991,Stable
6992,Stable
6993,Stable
6994,Stable
6995,Stable
6996,Stable
6997,Stable
6998,Stable
6999,Stable
7000,Stable
7001,Stable
7002,Stable
7003,Stable
7004,Stable
7005,Stable
7006,Stable
7007,Stable
7008,Stable
7009,Stable
7010,Stable
7011,Stable
7012,Stable
7013,Stable
7014,Stable
7015,Stable
7016,Stable
7017,Stable
7018,Stable
7019,Stable
7020,Stable
7021,Stable
7022,Stable
7023,Stable
7024,Stable
7025,Stable
7026,Stable
7027,Stable
7028,Stable
7029,Stable
7030,Stable
7031,Stable
7032,Stable
7033,Stable
7034,Stable
7035,Stable
7036,Stable
7037,Stable
7038,Stable
7039,Stable
7040,Stable
7041,Stable
7042,Stable
7043,Stable
7044,Stable
7045,Stable
7046,Stable
7047,Stable
7048,Stable
7049,Stable
7050,Stable
7051,Stable
7052,Stable
7053,Stable
7054,Stable
7055,Stable
7056,Stable
7057,Stable
7058,Stable
7059,Stable
7060,Stable
7061,Stable
7062,Stable
7063,Stable
7064,Stable
7065,Stable
7066,Stable
7067,Stable
7068,Stable
7069,Stable
7070,Stable
7071,Stable
7072,Stable
7073,Stable
7074,Stable
7075,Stable
7076,Stable
7077,Stable
7078,Stable
7079,Stable
7080,Stable
7081,Stable
7082,Stable
7083,Stable
7084,Stable
7085,Stable
7086,Stable
7087,Stable
7088,Stable
7089,Stable
7090,Stable
7091,Stable
7092,Stable
7093,Stable
7094,Stable
7095,Stable
7096,Stable
7097,Stable
7098,Stable
7099,Stable
7100,Stable
7101,Stable
7102,Stable
7103,Stable
7104,Stable
7105,Stable
7106,Stable
7107,Stable
7108,Stable
7109,Stable
7110,Stable
7111,Stable
7112,Stable
7113,Stable
7114,Stable
7115,Stable
7116,Stable
7117,Stable
7118,Stable
7119,Stable
7120,Stable
7121,Stable
7122,Stable
7123,Stable
7124,Stable
7125,Stable
7126,Stable
7127,Stable
7128,Stable
7129,Stable
7130,Stable
7131,Stable
7132,Stable
7133,Stable
7134,Stable
7135,Stable
7136,Stable
7137,Stable
7138,Stable
7139,Stable
7140,Stable
7141,Stable
7142,Stable
7143,Stable
7144,Stable
7145,Stable
7146,Stable
7147,Stable
7148,Stable
7149,Stable
7150,Stable
7151,Stable
7152,Stable
7153,Stable
7154,Stable
7155,Stable
7156,Stable
7157,Stable
7158,Stable
7159,Stable
7160,Stable
7161,Stable
7162,Stable
7163,Stable
7164,Stable
7165,Stable
7166,Stable
7167,Stable
7168,Stable
7169,Stable
7170,Stable
7171,Stable
7172,Stable
7173,Stable
7174,Stable
7175,Stable
7176,Stable
7177,Stable
7178,Stable
7179,Stable
7180,Stable
7181,Stable
7182,Stable
7183,Stable
7184,Stable
7185,Stable
7186,Stable
7187,Stable
7188,Stable
7189,Stable
7190,Stable
7191,Stable
7192,Stable
7193,Stable
7194,Stable
7195,Stable
7196,Stable
7197,Stable
7198,Stable
7199,Stable
7200,Stable
7201,Stable
7202,Stable
7203,Stable
7204,Stable
7205,Stable
